Tanggal,Tn,Tx,Tavg,RH_avg,RR,ss,ff_x,ddd_x,ff_avg,ddd_car
01-01-2020,24.2,31.4,27,88,9.6,3.6,6,280,4,W
02-01-2020,24,31,27.4,87,16.7,3.4,6,280,3,W
03-01-2020,24.8,32.2,28.4,84,2,2.5,7,270,3,W
04-01-2020,22,31.4,27.1,90,36.6,4.6,8,270,2,C
05-01-2020,25.4,30.4,26.8,92,3.7,0.8,6,270,2,C
06-01-2020,24.6,29.6,26.3,92,20.3,0.2,4,360,2,C
07-01-2020,23.6,30.4,26.7,94,28.8,3.2,5,280,2,C
08-01-2020,24.6,30.2,26.9,93,28,3.1,5,360,2,C
09-01-2020,24.2,30.2,26.4,90,13.5,2.1,4,260,2,C
10-01-2020,25.2,29.8,26.9,93,2.5,2.9,6,290,2,W
11-01-2020,24.6,29.4,27.1,89,6.4,0.4,3,330,1,C
12-01-2020,24.2,31.6,27.7,86,8.6,0.4,4,320,2,W
14-01-2020,24.8,30.6,27.8,87,11,7.8,6,300,2,W
16-01-2020,26,31,27.6,91,0,8.4,4,340,1,C
17-01-2020,24.8,31.8,27.8,88,0,4.6,6,300,2,C
18-01-2020,24.6,31.8,28.6,82,0,8.5,4,350,2,C
19-01-2020,26,32.2,29.3,82,0,10.3,4,360,2,N
20-01-2020,25.4,32.2,29.3,85,0,10.3,5,250,2,C
22-01-2020,25.4,32.4,29,83,0,4.7,4,350,2,C
23-01-2020,25.4,33,29.4,80,0,9.4,4,330,2,C
25-01-2020,26.2,31.4,27.2,92,0,4.9,6,280,2,C
26-01-2020,24.6,31,27.8,86,113.6,4.7,4,350,2,C
27-01-2020,26,31.4,28.9,84,0,8.6,5,350,2,N
28-01-2020,26,32.2,29,84,0,8.8,6,330,2,C
29-01-2020,26.4,31.8,29.1,85,0,8.1,6,300,2,C
30-01-2020,26.2,31.4,28.7,84,0,6.5,5,270,1,C
31-01-2020,26,32.2,28.5,85,0,1.7,5,300,2,W
01-02-2020,25,31.8,27.7,88,1,4.2,5,310,2,C
02-02-2020,25.8,30.6,27,90,1,6.3,5,270,2,W
03-02-2020,25,31.6,27.2,90,2.7,2.6,5,330,2,C
04-02-2020,22.2,31,28.2,85,60.5,5.3,4,200,2,C
05-02-2020,25,31.4,27.6,86,54.2,6.1,4,290,1,C
06-02-2020,25.2,31,27.8,87,13.4,5,6,340,3,NW
07-02-2020,25,31.2,26.8,89,8.2,7.1,6,300,2,C
08-02-2020,22.6,31.6,27.7,85,29.5,3.6,8,260,3,W
10-02-2020,25.4,30.8,27.5,88,0.5,1.6,5,330,2,N
11-02-2020,24.8,30.6,27.6,87,0,6.2,4,350,1,C
14-02-2020,22.4,31.6,28.7,80,0,3.4,5,310,2,N
15-02-2020,26.6,31.6,28,90,0,8.8,4,280,1,C
16-02-2020,25.4,31.6,27.8,87,0.3,3.5,5,350,2,C
17-02-2020,25.8,31,27.6,88,0.4,3.1,4,260,1,C
18-02-2020,25.6,30.8,27.6,90,21.3,1.6,7,270,2,W
19-02-2020,25,30.4,27,90,4.5,3.7,9,310,3,W
20-02-2020,24,27.4,25.7,93,114,3.8,3,280,2,W
21-02-2020,23.8,30.4,27.5,85,12.2,0.8,7,270,3,W
22-02-2020,23.2,31,27.7,87,0,7.3,6,290,2,C
23-02-2020,23,31.2,27.7,90,31,8,5,290,3,NW
24-02-2020,22,28.4,26.5,93,5.1,6.3,6,290,3,W
25-02-2020,25,31,27.4,88,6.5,0.5,9,300,4,W
26-02-2020,26,30.6,28,87,0,7.5,5,330,2,C
27-02-2020,24.8,31.6,27.6,90,4.5,2.8,8,280,3,C
28-02-2020,25.2,31,27.3,90,14.2,7.9,5,280,2,C
29-02-2020,25.2,30.8,27.1,90,8.2,15.5,6,290,3,C
01-03-2020,24.8,29.8,26.4,94,48.4,6.4,6,310,2,C
02-03-2020,25,30.6,27.5,90,40.1,0.7,5,290,2,W
03-03-2020,26,31,28.2,89,0,6,5,310,2,C
04-03-2020,25,31,27.1,88,21.5,7.3,4,270,1,C
05-03-2020,24.6,31.2,27.2,90,27.4,4.5,4,350,2,C
06-03-2020,24.8,31,27.5,88,0,2.1,5,320,2,W
07-03-2020,25.2,31.2,27.6,89,3.7,4.8,10,290,2,C
08-03-2020,25.4,31.4,27,91,3,6.3,5,340,2,C
09-03-2020,25.4,30.6,27.4,90,4.3,5.6,4,360,1,C
10-03-2020,25.2,30.6,27.9,87,0,2.8,4,350,1,C
11-03-2020,25.4,31.8,28.8,87,0,3.1,4,360,2,W
12-03-2020,26.6,31.8,28.9,85,0,9.2,5,320,2,C
13-03-2020,25.6,31.8,28.6,83,0,5.8,6,320,1,C
14-03-2020,27.2,33,29.3,84,0,8.5,7,360,2,C
15-03-2020,25.8,32.2,28.8,85,3.3,5.4,10,360,2,C
16-03-2020,24,32.8,28.4,86,10,4.8,5,290,2,C
17-03-2020,25.6,32.2,28.5,88,13.6,6,7,340,2,N
18-03-2020,25,33.4,28.9,81,16.7,6.2,4,40,2,C
19-03-2020,24.4,31.8,26.9,91,0.2,6.4,5,350,2,C
20-03-2020,24.6,31.6,27.8,88,6.2,3.7,5,330,2,C
21-03-2020,25.2,31.6,28.2,84,0,6.6,6,360,2,C
22-03-2020,26.2,32,29.1,80,0,7,3,360,2,C
23-03-2020,26.2,32.2,28.8,85,0.2,10.3,4,310,2,E
24-03-2020,24.6,31.4,28,84,0,5.2,5,320,2,C
25-03-2020,25.4,31.8,28.7,85,1.9,4.3,7,350,2,C
26-03-2020,26.2,32.8,28.9,84,5.6,7.9,6,360,2,C
27-03-2020,25.2,32.6,28.9,84,2,9,4,360,1,C
28-03-2020,26.4,32,28.9,84,0,7.7,5,290,2,C
29-03-2020,25.8,32.2,28.2,86,0,6.3,4,360,1,C
30-03-2020,26.6,32,27.7,88,0,5.7,4,290,2,C
31-03-2020,25.2,31.2,26.8,94,23.7,4.6,3,340,1,C
01-04-2020,24.6,31.6,28.3,86,14.4,5.2,3,350,2,C
02-04-2020,24.6,32.2,27.8,88,91.6,7.5,4,350,1,C
03-04-2020,24.8,32.2,29.1,84,0.5,7.3,5,340,2,C
06-04-2020,25.2,31.4,27.3,90,8.4,2.7,3,300,1,C
07-04-2020,24.8,30.6,26.9,90,32.5,3,4,350,1,C
08-04-2020,24.8,30.8,27.2,88,3,6,4,350,1,C
09-04-2020,25.2,34.2,28.2,84,0,1.5,6,140,2,C
10-04-2020,25.6,34.4,29,82,0,6.5,4,80,2,C
11-04-2020,25.2,32,27.1,91,1.2,7.5,4,360,1,C
12-04-2020,25,32.6,27.3,89,4.7,6.1,8,210,2,C
13-04-2020,23.6,31.6,27.9,87,43.5,5.7,4,350,1,C
14-04-2020,22.4,31.6,28.4,84,0,9.6,5,340,2,C
15-04-2020,25.8,33,29.4,82,0,9.3,6,340,2,C
19-04-2020,25.6,31.8,28.4,89,0,7,3,300,1,C
20-04-2020,26.4,33.2,29.6,84,2,6.4,6,330,1,C
21-04-2020,24.6,32.4,28.1,88,56.5,10.4,4,60,2,C
22-04-2020,25.4,34.6,29.2,83,15,5.7,7,120,2,C
23-04-2020,27.6,34.2,30.8,76,0,10,6,100,2,E
24-04-2020,27.4,33.8,29.5,78,0,8.4,5,160,2,C
25-04-2020,26,33.4,29.1,82,4.6,7.8,4,110,2,C
26-04-2020,26.2,32,27.8,88,0,2.4,4,340,1,C
27-04-2020,25.2,34.2,29.6,79,7.7,1.3,6,130,2,C
29-04-2020,24.8,33.4,29.9,76,6,0.4,7,80,3,E
02-05-2020,24.4,30.4,27.3,92,48.5,9.2,4,280,2,C
03-05-2020,25.2,32.2,28.8,82,0,0.2,4,160,1,C
04-05-2020,26.2,33.2,29.8,77,0,6.9,6,120,2,C
05-05-2020,27,33.6,29.9,80,0,7.9,6,350,2,C
06-05-2020,27.2,33.8,30.3,77,0,7.4,5,120,3,E
07-05-2020,25.4,34.2,30.3,76,5.6,7.7,5,110,2,E
09-05-2020,27.8,33.8,29.5,81,0,4.8,5,180,2,C
10-05-2020,24.6,33.6,28.8,81,43.5,5.9,3,45,1,C
11-05-2020,27.2,33.2,29.1,81,1,8.9,6,45,3,NE
12-05-2020,25.6,33.4,29.2,82,0,4.5,6,90,2,E
13-05-2020,28,33.8,30.5,76,0,9.1,4,150,2,C
14-05-2020,27,33.2,29.8,76,0,7.1,6,130,2,C
15-05-2020,25.8,33.2,28.7,81,0,8.8,7,120,2,C
16-05-2020,25.6,35,30.1,76,0,4.6,5,100,2,C
17-05-2020,26.6,35.4,28.9,84,0,9.4,5,110,2,C
18-05-2020,25.2,32.4,28.5,88,21.8,8.5,5,340,2,C
19-05-2020,25.2,33.6,28.2,86,21,2.1,9,120,3,SE
20-05-2020,25.6,33.4,29,87,8.1,4.7,6,350,2,C
21-05-2020,24,31.8,28,86,83,9.7,4,340,1,C
24-05-2020,25.8,33,29.2,85,0.4,9.1,5,340,2,C
25-05-2020,24.8,32.2,29.2,83,0,9.6,5,10,2,C
26-05-2020,26.4,32,28.7,85,6.3,8.3,3,40,2,C
27-05-2020,24.6,32.2,28.7,84,0,6,5,10,1,C
28-05-2020,26,30.8,27.7,89,0,7.7,4,360,2,E
29-05-2020,24.8,32,28,88,0,0.7,4,330,1,C
30-05-2020,26.4,33.6,29.6,77,0,9.4,4,140,2,C
31-05-2020,25,33.4,28.8,82,28.2,8.8,6,350,3,E
03-06-2020,25.8,32.2,29,80,0,1.8,6,110,3,SE
04-06-2020,26.2,33.4,29,81,0,4.2,5,100,2,E
05-06-2020,25.4,33.4,28.5,83,0,10.2,5,100,2,C
06-06-2020,25.2,31.6,27.9,86,0,10.3,5,330,1,C
07-06-2020,25.6,32.2,28.4,82,0,7.9,5,120,1,C
08-06-2020,25.8,32.4,28.7,83,0,7.8,5,80,2,C
09-06-2020,26,32.8,29.1,82,0,8.6,5,20,2,C
10-06-2020,25.6,32.4,29,80,2.6,9.4,5,120,2,C
11-06-2020,26,32.2,29,83,0,8.2,6,120,2,C
12-06-2020,24.4,32.6,28.3,82,19,8.8,7,100,2,E
15-06-2020,26,33.8,30.2,80,0,6.7,6,110,2,C
16-06-2020,26.6,33.2,28.7,84,0.5,9.4,6,120,2,C
17-06-2020,24.2,34,28.6,78,0,7.6,6,100,3,E
18-06-2020,25.4,33.6,28.8,84,0,10.5,4,80,2,C
19-06-2020,26.4,33.2,29.4,82,0,9.2,5,90,2,E
21-06-2020,24.2,33.4,28.9,77,0,7.2,5,120,2,C
22-06-2020,25.8,33.2,29.6,78,0,6.4,7,100,4,E
23-06-2020,25,33,28.7,78,0,7,5,100,2,C
27-06-2020,24.2,33,27.8,80,0,8.7,5,100,2,C
28-06-2020,24.2,33.6,28,82,0,9.9,6,50,1,C
29-06-2020,24.8,34.2,28.7,76,0,9.9,5,120,2,C
30-06-2020,24.6,34,28.6,80,0,9.8,6,140,2,C
02-07-2020,25,33.2,27.3,84,0,8.6,8,240,4,SE
03-07-2020,24,33.2,28.7,82,31.2,7.6,5,230,2,C
04-07-2020,24.2,32.2,28.4,79,0,7.2,4,120,2,C
05-07-2020,25.8,32,28.8,76,0,9.8,7,100,3,E
07-07-2020,24.2,32.4,27.7,82,20.2,2.4,3,100,1,C
09-07-2020,24.2,32.6,28,82,0,9.7,4,140,2,C
10-07-2020,25.2,32.6,28.4,85,0,8,3,300,1,C
11-07-2020,24.6,33.4,28,84,8.5,7,4,90,1,C
13-07-2020,26,33.4,29.1,80,0,7.1,4,100,2,C
14-07-2020,26.2,34.2,29.2,83,0,8.3,5,110,2,E
15-07-2020,26.6,31.8,27.9,80,0,7.9,5,120,2,C
16-07-2020,25.6,33.2,28.8,82,1.4,3.4,6,340,3,SE
17-07-2020,26.2,33.4,29.4,76,0,7.3,6,120,2,C
18-07-2020,25.2,33.4,28.8,82,0,10.2,3,110,1,C
19-07-2020,24.4,33.6,29.1,77,0,8.9,4,30,2,C
20-07-2020,23.8,33.4,29,82,0,9,4,120,2,C
21-07-2020,26.6,34,28.5,84,0.5,9.5,5,100,2,E
22-07-2020,24.8,33.4,28.4,82,10,8.7,6,90,2,C
23-07-2020,25,33.8,28.4,80,0,10.3,4,110,2,C
24-07-2020,24.2,33.4,28.2,80,0,9,8,80,2,C
25-07-2020,23.8,33.4,27.8,74,0,9.9,5,150,2,C
26-07-2020,22,32.6,26.8,75,0,9.8,5,120,2,C
27-07-2020,23,33.8,28.4,70,0,9.6,5,120,3,C
28-07-2020,23,33.6,28.2,72,0,10.4,7,130,3,SE
29-07-2020,23.8,33.2,28.5,72,0,10.2,6,140,2,C
30-07-2020,22.4,31.8,29.3,76,0,9.7,8,310,2,C
31-07-2020,21.4,31.6,26.8,80,0,10.5,3,300,1,C
02-08-2020,23.8,33.6,27.7,82,0,9.6,6,45,2,C
03-08-2020,24.2,33,27.9,80,0,8.6,6,90,2,C
04-08-2020,25.2,32.8,28.9,80,0,9.2,4,100,1,C
05-08-2020,25,32.8,28.1,82,0,1.4,5,360,1,C
06-08-2020,25,34.8,28.3,79,0,9.1,8,90,3,C
07-08-2020,26.6,32.6,28.7,82,0,9.3,4,300,2,C
11-08-2020,23.2,34.2,29.4,74,0,9.2,9,340,3,E
12-08-2020,25,33.8,28.9,80,2.2,7.5,6,120,2,C
13-08-2020,25.8,34.2,28.4,82,0,6.4,6,90,3,E
14-08-2020,25.2,33.6,28.5,86,19,9.8,5,130,2,C
15-08-2020,25.6,32.6,29,78,0,9.2,7,45,3,W
16-08-2020,24.8,33,28.2,87,35,10.1,6,100,3,E
17-08-2020,25.8,34.2,29.6,75,0,8.6,7,80,4,E
18-08-2020,25.4,32.2,27.9,85,0,8.3,5,330,2,C
19-08-2020,25.4,34.6,28.9,81,0,9.6,6,120,2,C
20-08-2020,24.8,33.8,29.3,75,0,9.5,6,100,3,E
21-08-2020,26,33.8,29.6,72,0,10.2,8,130,3,E
22-08-2020,26,34,29.9,71,0,10.5,7,130,3,C
26-08-2020,23,35,28.1,78,0,10.2,6,90,2,E
27-08-2020,21.8,34.2,27.3,80,0,10.1,6,100,2,E
28-08-2020,24.2,34.2,28.9,76,0,10.4,7,100,3,E
29-08-2020,25.4,34.2,29.1,78,0,8.9,5,340,2,N
30-08-2020,24.6,34.8,28.8,80,0.2,9.7,5,110,2,E
31-08-2020,24.2,34.6,28.3,74,0,9.5,6,20,3,E
01-09-2020,23.8,35.4,29.5,72,0,9.4,7,100,3,E
02-09-2020,24,34,28.8,77,0,9.5,5,330,2,C
03-09-2020,24.8,34.2,27.9,84,6.4,6.6,5,100,2,C
04-09-2020,24,34.2,29.5,79,35,8,6,360,2,C
05-09-2020,25.8,34.2,29.3,79,9.5,9.9,6,40,3,NE
06-09-2020,24.2,34.8,28.8,76,1,9,7,110,2,C
07-09-2020,25.4,34.8,28.6,82,0,9.8,5,360,1,C
08-09-2020,25,34.4,29.1,72,0,9.8,5,45,3,E
09-09-2020,25.4,34.6,29.1,76,0,9.9,6,80,2,E
10-09-2020,25.2,33.6,29,78,0,9.6,5,60,2,C
11-09-2020,26,34.4,29.4,73,0,10,4,360,2,C
12-09-2020,24.4,34.2,28.4,80,0,8.6,6,330,2,C
13-09-2020,26,33.6,29.7,74,0,9.9,5,60,2,NW
14-09-2020,24.8,33.8,28.8,73,0,7.4,7,320,2,C
15-09-2020,25.4,34.2,29.4,74,0,9.4,5,100,2,C
19-09-2020,26.2,35.8,30.8,66,0,9.9,8,100,4,E
20-09-2020,27.8,34.4,30.6,70,0,10,6,90,2,C
21-09-2020,26.6,34.4,29.8,77,0,8.2,6,150,2,C
22-09-2020,24.8,31.6,27,86,9,7.2,6,250,2,C
23-09-2020,23.6,35,28.7,83,5.6,7.3,4,280,2,C
24-09-2020,26.4,35.8,29.8,80,0,9.3,5,350,2,C
25-09-2020,25.2,35.4,29.4,83,0,9.3,6,70,2,C
26-09-2020,25,35.4,29.7,74,0,5.8,8,340,3,C
27-09-2020,25.2,32.8,29,80,8.3,9,5,360,2,C
28-09-2020,24.6,33.8,29.2,78,16,8.6,6,150,2,E
01-10-2020,25.6,35.2,30.2,75,0,8.5,6,360,2,C
02-10-2020,25.2,35,29.4,80,4,10.5,8,350,2,C
03-10-2020,24.8,35.4,29.1,80,22,10.9,6,130,2,C
04-10-2020,24.8,34,29.3,72,0,10.2,6,160,3,SE
05-10-2020,25.4,33.6,29.1,77,0,8.5,4,120,2,C
06-10-2020,25,33.2,28.5,78,0,8,4,140,2,C
07-10-2020,25.4,33.2,28.6,78,0,6.6,6,340,2,C
08-10-2020,26,34.2,29.8,72,0,8.1,5,110,3,E
09-10-2020,25.6,33.2,29.1,80,0,6.6,4,80,2,C
10-10-2020,26.4,33,28.2,81,0,4.6,8,70,2,C
13-10-2020,24.4,34.8,29.9,77,41.5,6.3,6,120,2,C
14-10-2020,26,36,29.4,77,0,9.3,4,350,2,N
15-10-2020,24.4,32.8,28.2,83,17,8.5,5,150,2,C
16-10-2020,23.6,32,28.1,85,35,7.4,4,300,1,C
17-10-2020,25.6,33,29,81,0,4.8,4,330,1,C
18-10-2020,25.4,33,28.6,80,0,4.1,5,100,2,C
19-10-2020,26.6,31.6,28.9,78,0,5.3,4,120,2,E
20-10-2020,26,33.2,29.6,74,0,4.1,5,30,2,C
21-10-2020,26.2,33,27.6,87,0.7,8.1,6,80,2,C
22-10-2020,25.2,30.6,28.3,86,10.5,0.4,3,250,1,C
23-10-2020,25.4,31.4,28.3,84,0.9,6.3,6,350,2,C
24-10-2020,25.2,33.4,29.7,80,0.5,7.9,4,80,2,C
27-10-2020,25.4,31.2,27.1,88,4,3.1,6,210,1,C
28-10-2020,24.4,33.6,28.5,81,12.1,2.8,6,110,2,E
29-10-2020,25,33.8,30,79,7.4,10,5,110,2,C
30-10-2020,27.8,31.6,29.5,77,1.2,7.6,4,110,2,C
31-10-2020,25.6,30.6,27.3,88,4,6,5,340,1,C
01-11-2020,24.4,30.2,27.3,88,6.6,2.1,5,340,2,C
02-11-2020,25.2,30,27.5,87,25.2,6.2,5,320,1,C
03-11-2020,25,31.4,27.9,86,0,0,3,80,1,C
04-11-2020,24,33.6,28.9,79,4.5,6.3,6,150,2,C
06-11-2020,24.8,33.2,28.7,81,9,4.3,5,45,2,C
07-11-2020,25.6,33.6,29.8,80,0,8,6,340,2,N
08-11-2020,24.4,34.2,29.5,80,15.5,10.5,4,360,2,C
09-11-2020,24.2,33.6,29,83,34,8.7,8,90,3,W
10-11-2020,25,32.8,29.2,81,11,9.3,5,280,2,C
11-11-2020,24.6,33,28.8,82,4.1,10.5,5,340,3,N
12-11-2020,27,33.8,30.7,74,0,9,6,110,3,SE
13-11-2020,27.2,35,31.1,72,0,8.7,8,120,3,C
14-11-2020,26.6,33.2,30.1,79,0,7.5,5,340,2,C
15-11-2020,26.2,34.4,29.5,80,0.6,8.7,3,70,1,C
17-11-2020,25,33.8,29.8,81,16.4,8.9,6,130,3,SE
18-11-2020,25.2,34.8,27.8,86,8.5,8.1,8,90,2,C
19-11-2020,23,35.2,29.4,80,15,10.5,7,360,4,N
20-11-2020,25.2,32.2,28.7,84,1.2,7,4,360,2,C
21-11-2020,24.4,31.8,28.9,87,19.6,6.1,3,330,1,C
22-11-2020,25.4,32.2,28.3,84,0,5.3,4,350,2,C
23-11-2020,24.8,30.8,28,86,0,3.8,4,320,2,NW
25-11-2020,23.6,31.2,27.6,86,13.4,5,5,150,1,C
26-11-2020,24.4,31.4,27.7,84,1.5,2.7,4,340,1,C
28-11-2020,25.2,30.4,28,86,0.3,0,3,340,1,C
29-11-2020,25,29.6,26,94,0.5,4.5,2,360,0,C
30-11-2020,23,30.6,27.1,85,52,2.2,3,330,1,C
01-12-2020,26,31.8,28.4,83,0,4.5,4,350,1,C
02-12-2020,25.4,31.4,27.9,85,1,6.3,5,360,2,C
03-12-2020,23.4,31.6,27.7,88,87.5,4.3,5,330,1,C
04-12-2020,26,31.2,28.2,85,0,4.3,3,310,2,NW
05-12-2020,25.2,31.8,28,84,5,2.3,8,260,4,NW
06-12-2020,24.8,31.6,25.9,90,7.8,6.4,5,260,2,C
07-12-2020,24,27,25.2,95,23.1,0.5,5,260,2,C
08-12-2020,24.4,31.6,28.4,80,18,0.5,13,270,6,W
09-12-2020,25,30.2,27.9,82,20.7,4.6,12,280,4,C
10-12-2020,25.4,30.4,27.4,89,14.1,1.5,8,290,4,W
11-12-2020,24.8,30.4,27.6,88,27.9,1.6,5,270,2,W
12-12-2020,25.2,31,27.7,88,15,2.3,6,270,2,W
13-12-2020,24.2,29.6,27,92,14.5,5.1,5,270,2,W
14-12-2020,25.2,30.2,26.8,90,0,1,4,330,1,C
15-12-2020,25,30,27.1,89,1.8,1.2,5,340,2,C
16-12-2020,24.6,30.8,26.8,90,1.8,0,4,340,1,C
17-12-2020,25.2,29.6,26.9,90,11.5,4.6,6,280,2,C
18-12-2020,24.2,30.4,26.4,90,11.8,0.9,6,340,1,C
19-12-2020,23.8,30.2,26.9,86,61.6,3.9,7,340,2,C
20-12-2020,24.2,30.4,27.6,84,9.2,7.7,4,10,2,C
22-12-2020,23,30.4,28.2,86,0,3.7,3,360,1,C
24-12-2020,25.4,31.6,28.4,83,7.3,5,4,350,1,C
25-12-2020,25.2,32.6,28.6,81,10,7.9,3,360,1,C
26-12-2020,25.4,31.4,28.3,85,2,9.3,4,320,2,C
27-12-2020,26,31.6,28,85,1,8.1,5,360,2,C
28-12-2020,25.4,31.4,28.1,86,2.4,6.6,5,320,2,C
29-12-2020,26,31,27.7,90,13,5.8,4,360,2,C
30-12-2020,25,29.8,27,88,3.4,4.4,4,190,2,C
31-12-2020,24.8,30.2,27.3,87,8.7,3.7,5,320,2,C
01-01-2021,25.6,30,27.6,85,1.6,2.7,4,340,1,C
02-01-2021,25,30.4,27.8,84,3.5,2.1,3,360,1,C
04-01-2021,24.4,31,27.6,84,2.3,5.7,4,340,1,C
05-01-2021,25.4,30.2,27.1,88,8,6.4,4,350,2,C
06-01-2021,25.8,31.4,28,86,,2.7,7,340,3,C
07-01-2021,26,29.8,27,88,0,5.3,8,270,3,N
08-01-2021,26,30.6,27.4,87,1,1.8,4,350,1,C
09-01-2021,25,30.6,26.8,89,43.5,1,5,350,1,C
10-01-2021,25,30.2,27.6,86,7.7,4.3,5,340,2,C
11-01-2021,25.2,30,28,88,3.3,3.1,3,270,1,C
12-01-2021,25,30.4,27.9,85,0.3,1.3,6,290,2,C
13-01-2021,24.6,31.2,27.4,88,6.5,4.2,8,290,2,C
14-01-2021,25.2,30,26.8,88,8.8,5.5,6,80,2,C
15-01-2021,25,30.4,27.4,87,0.5,1.4,4,300,2,C
16-01-2021,25.2,30.8,27.1,88,,0.6,5,330,1,C
17-01-2021,24.6,31.2,26.6,90,2,0.9,8,300,2,C
18-01-2021,24.8,28.4,25.8,94,19.2,7.4,6,280,2,W
19-01-2021,23.4,26.8,24.5,96,57.8,0.9,5,280,2,W
20-01-2021,22.4,29.8,27.9,86,7.8,0.2,6,280,3,W
21-01-2021,25.6,30.2,27.1,88,0,3.2,7,290,2,C
22-01-2021,25.4,29.8,26.8,89,10.4,5.1,4,320,1,C
25-01-2021,24,30.4,27.2,86,5.2,2.5,4,310,2,C
26-01-2021,25,30.6,26.6,87,0,7.1,4,360,1,C
27-01-2021,24.4,30.2,26.1,91,12,4.1,4,260,2,W
28-01-2021,24.2,30.4,26.4,90,10.2,0.5,4,260,2,C
29-01-2021,24.6,27.6,25.6,94,8.7,3.2,5,320,2,NW
30-01-2021,24.4,26.2,25.3,93,16.9,0,5,320,2,NW
31-01-2021,23.2,29.8,25.5,96,24.9,0.5,7,250,3,W
01-02-2021,23.8,30.2,26.8,90,12.7,4.7,9,270,4,W
02-02-2021,24.6,30,27,90,6.7,6.2,7,270,4,W
03-02-2021,24.2,29.4,26.8,90,5,3.3,10,290,6,W
07-02-2021,24.8,27.6,26.1,94,42.1,0,5,250,1,C
08-02-2021,23.8,27.6,25.2,96,41.1,0,6,280,3,W
10-02-2021,25.6,30.2,27,94,6.2,6.8,6,270,2,C
11-02-2021,24.8,31.2,27.3,90,4,1.6,6,350,2,C
12-02-2021,25,30.8,27.5,91,20.6,5.2,5,320,2,C
13-02-2021,24.8,31,27.3,92,10.2,5.9,7,290,3,W
14-02-2021,25.8,29.6,27.2,91,0,4.2,6,330,2,W
15-02-2021,24.2,29.6,27,92,16.4,1.8,5,300,1,C
16-02-2021,24.6,29.2,27.4,88,5.5,6,5,300,2,C
17-02-2021,24.4,29.2,26.7,93,5.2,4,3,300,1,C
18-02-2021,24.4,29.8,26.8,92,0,4.6,9,320,4,W
19-02-2021,24,27.4,25,94,4.2,5,6,280,3,W
20-02-2021,24.2,29.8,25.8,92,18.9,0,8,270,2,W
21-02-2021,24.6,31.6,27.4,89,1.4,2.6,6,270,3,W
22-02-2021,25.6,30.8,27.4,90,1,6,5,280,2,C
23-02-2021,23.8,31.2,26,91,0.8,3.3,5,350,2,C
24-02-2021,24.8,30.2,26.7,91,66.5,4.1,5,270,2,C
25-02-2021,20.8,28.2,25.2,95,62.9,1.2,5,260,2,W
26-02-2021,23.2,30.6,26.4,92,54.4,0,7,290,2,W
27-02-2021,23.4,31,28,88,0.2,6.6,4,270,1,C
28-02-2021,24.8,29.4,27,90,1,7.4,3,360,1,C
01-03-2021,24.8,30.8,27.5,90,0.3,1.6,3,360,1,C
03-03-2021,25,31,27.3,93,0,3.7,5,340,2,C
04-03-2021,25,31.2,26.8,92,0,6.8,6,360,2,C
05-03-2021,24.8,31.2,27.1,93,4.5,3.2,5,270,2,C
06-03-2021,25.6,30.8,27.9,89,0,6.3,5,310,2,C
07-03-2021,25.4,30.6,26.9,91,0,7.7,6,280,2,C
08-03-2021,24.2,30.2,27.2,91,13.4,5.1,5,330,2,C
09-03-2021,24.2,30.3,27.1,90,8.4,3.9,7,290,2,C
10-03-2021,24.2,29.4,26.8,93,2.3,5.1,4,270,2,W
11-03-2021,25,30.8,27.6,91,0,1.9,6,270,2,W
12-03-2021,25.4,31,27.5,91,0,8.9,4,320,2,C
13-03-2021,25,30.8,26.2,96,1.7,6.5,3,340,1,C
14-03-2021,24.2,30.8,26.8,92,20,1.8,5,340,2,C
15-03-2021,25,29.6,27.2,92,4,8.2,3,270,1,C
16-03-2021,24,30.2,27.9,92,3,5.8,6,270,2,C
17-03-2021,23.6,31.6,27.8,86,0.3,4.3,5,340,2,C
18-03-2021,25.4,31.6,28.2,85,,8.8,4,360,2,N
19-03-2021,26,31.4,28,85,1.8,8.4,4,320,2,C
20-03-2021,25.2,31.2,27.7,84,0,6.9,4,360,2,C
21-03-2021,26,31.2,28.1,84,0,8.5,5,20,1,C
22-03-2021,25.4,30.6,27.6,86,19.3,6.4,5,340,2,C
23-03-2021,25.2,31.2,27.9,85,0,6.8,7,340,2,C
24-03-2021,26,30.8,28.4,85,0,7.1,5,360,2,N
25-03-2021,25.8,30.4,27.9,86,0,9.6,5,200,2,C
26-03-2021,25.8,32,28.3,86,6.5,7.9,4,350,1,C
27-03-2021,26.2,31.8,28.4,86,0,5.6,4,350,2,N
28-03-2021,25.8,32,28.1,86,,7.1,6,360,2,C
29-03-2021,25.4,32.2,28.2,86,18.5,7.7,5,330,2,C
30-03-2021,24.4,30.8,27.1,90,13.5,7,4,330,1,C
31-03-2021,25,31.6,28,85,4.2,4.2,4,340,2,C
01-04-2021,26.4,31.4,28.3,87,20,8,8,360,2,C
02-04-2021,26,31.4,28.6,86,0,6,4,320,1,C
03-04-2021,25.6,31.6,28.3,83,0,5.8,8,280,4,W
04-04-2021,25.8,31.2,28.5,83,0,6.9,5,340,2,C
05-04-2021,26.6,30.8,29.1,78,0,8.7,5,280,3,NW
06-04-2021,25.2,31.6,28.7,84,3,3.3,7,300,3,W
07-04-2021,23.4,30,27.1,88,8,5,4,280,1,C
08-04-2021,25.6,31.2,27.1,89,0.5,0.5,8,330,4,W
09-04-2021,24.4,31.8,28.1,84,8.5,8.2,7,260,3,W
10-04-2021,25.6,31.2,28.2,84,0,8.6,4,320,1,C
11-04-2021,26,32.6,28.7,81,0,7,4,330,2,C
12-04-2021,24.6,31.8,27.5,90,17,6.2,4,360,1,C
13-04-2021,25.4,30.8,27.8,86,3.4,6.2,5,340,2,C
14-04-2021,25.4,30.8,27.6,84,0,8.7,4,170,1,C
15-04-2021,25.8,32.2,28.5,81,4.7,6,6,20,1,C
16-04-2021,26.2,32,28.7,79,0,7.5,5,340,2,C
18-04-2021,25.2,31.4,28.2,81,2,8.7,3,350,1,C
19-04-2021,24.8,32.6,28.3,84,15.3,9.5,3,270,1,C
20-04-2021,25.4,32.6,28.1,82,12.6,8.1,4,340,2,C
21-04-2021,23.6,34.4,28,74,0,9.9,6,110,2,E
22-04-2021,24.8,33.6,28.3,74,0,10,6,350,2,C
23-04-2021,25.4,31.8,28.3,80,0,10.3,5,340,2,C
24-04-2021,25.2,33.4,28.4,78,0,9.4,5,100,2,C
25-04-2021,24.8,32.6,28.2,82,30.4,5.1,4,60,2,C
26-04-2021,26.4,33.4,29.8,75,0,5.7,7,80,2,C
27-04-2021,26.8,33.8,29.4,79,0,10.1,5,110,3,E
28-04-2021,26.2,30.2,28,86,6.3,7.9,3,60,1,C
29-04-2021,25.2,32.4,28,82,0,0.2,4,360,2,C
30-04-2021,24.4,33.2,28.8,80,0,9.9,5,350,2,C
02-05-2021,27,34.2,29.9,80,0,9,5,120,2,C
03-05-2021,27,33.4,29.9,76,0,9.6,5,140,2,C
04-05-2021,26.4,34.2,29.7,76,0,8.6,4,120,2,C
05-05-2021,26.6,32.6,28.7,82,1.5,9.3,6,140,2,C
06-05-2021,25.4,33.2,28.4,82,29,4.6,4,100,2,C
07-05-2021,26.2,31.6,28.2,86,0.5,8,4,320,1,C
08-05-2021,25.8,31.8,27.9,86,0,5.9,5,110,1,C
09-05-2021,24.2,33.4,28.6,75,0.3,1,6,45,2,C
10-05-2021,24.4,33.6,29.4,73,0,10.6,6,60,3,E
11-05-2021,26.8,34.4,30.8,73,0,10.5,5,110,3,E
12-05-2021,26.6,34,30.1,75,3.9,10.4,6,80,3,SE
13-05-2021,25.6,33.6,29.2,77,0,8.5,5,130,2,C
14-05-2021,25.6,33.6,30.1,75,0,5.9,7,70,2,E
15-05-2021,26.6,33.4,29,81,0,9.3,5,10,2,C
16-05-2021,26,33.6,29.6,78,0.4,7.5,6,40,2,C
17-05-2021,25.6,33.6,29,80,0,9.2,5,200,2,E
18-05-2021,25.4,32.2,28.2,84,79.3,8.6,3,360,0,C
19-05-2021,25.6,32.2,28.2,84,0,5,6,90,1,C
20-05-2021,26,32.8,27.5,88,1,1.6,8,180,2,C
21-05-2021,23.4,33.4,28.6,84,41,6.6,4,90,1,C
22-05-2021,26.6,33.6,28.8,80,0,8.9,4,300,2,C
23-05-2021,25.6,34.4,28.2,85,,6.3,4,360,1,C
24-05-2021,23.4,33.4,28.8,82,0,6.8,5,80,2,E
25-05-2021,21.8,32.2,28,80,0,7.1,3,20,1,C
26-05-2021,25.2,32.6,29.2,78,0,3.5,6,120,3,C
27-05-2021,25.6,32.6,29.8,72,0,9.3,6,110,2,C
28-05-2021,26.4,32.6,29.7,74,0,10.4,5,150,2,SE
30-05-2021,24.8,32.8,28,86,48,6.8,6,320,1,C
31-05-2021,26.8,33,29.2,76,,8,4,270,1,C
01-06-2021,26,32.2,28.5,80,0,8.6,6,340,2,C
02-06-2021,26.6,32.6,28.8,81,0.5,8.7,6,100,2,C
03-06-2021,27.6,33,29.7,77,0,6.9,5,130,2,C
04-06-2021,27.4,34,30.1,73,0,8.3,6,130,2,C
05-06-2021,27,33.6,29.8,73,0,9.6,5,110,2,C
07-06-2021,26,32,28.6,77,0.2,9.1,4,330,2,C
08-06-2021,26,32.6,28.7,75,0,0,4,350,1,C
09-06-2021,25.4,32.8,28.4,78,0,9.5,6,40,2,C
10-06-2021,25.4,33.2,29.1,77,3.6,7,5,40,2,E
11-06-2021,25.4,33.2,28.4,79,13.5,8.5,5,45,2,C
12-06-2021,26,32.8,28.6,76,0,9.2,6,90,2,E
13-06-2021,26.8,33,29.8,68,0,8.8,6,130,3,E
14-06-2021,26,32.2,28.4,73,0,10,5,120,2,SE
15-06-2021,26.6,32.4,28.5,78,0,3.1,5,350,2,C
18-06-2021,24.6,32.6,28,77,,1.7,5,360,2,C
19-06-2021,24.4,32.8,26.5,88,0.5,8.4,4,20,1,C
20-06-2021,24,32.2,27,84,13.3,1.3,4,350,2,C
21-06-2021,23.8,31.4,26.7,84,26.9,7.3,5,60,1,C
22-06-2021,24.2,32.6,27.9,79,1.1,6.9,5,70,2,C
23-06-2021,25,32.2,27.5,82,9,7.6,6,120,2,E
24-06-2021,25.2,29.4,26.2,87,5,6.2,3,290,1,C
25-06-2021,24,32.2,27.8,79,42.5,1,4,120,2,C
26-06-2021,26.4,33.2,28.9,78,0,7.4,4,130,2,C
27-06-2021,25.6,33.2,28.9,82,0,6.9,4,120,2,C
28-06-2021,25.6,31.2,27,84,0.3,10.3,6,90,2,C
29-06-2021,24,33,28,76,18,1.8,6,60,2,C
30-06-2021,25.2,32.8,28.6,76,0,8.6,4,80,2,C
01-07-2021,25.4,32.6,28.6,75,0,7.3,6,100,2,C
02-07-2021,24.4,32,27.9,75,0,7.1,3,120,2,C
03-07-2021,25,32.8,28.1,70,0,8.5,5,360,2,C
04-07-2021,24.2,34,28.6,72,0,7.2,4,50,1,C
05-07-2021,25,34,28.6,70,0,8.6,5,140,2,SE
06-07-2021,22.6,33.4,28.6,54,0,9.6,6,120,3,SE
07-07-2021,22.4,33.4,27.8,63,0,10.5,5,360,2,C
08-07-2021,23.6,33.6,27.8,74,0,10.4,6,350,2,C
09-07-2021,25.4,33.4,28.7,76,0,9.1,4,150,2,SE
10-07-2021,26.6,33.6,29.6,72,0,6.4,5,90,3,E
11-07-2021,27.4,33.4,29.8,69,0,9,7,80,4,E
12-07-2021,24.4,33,28.3,70,0,9.6,7,110,3,E
13-07-2021,22.6,34.6,27.9,63,0,9,5,110,2,C
14-07-2021,25,32.6,28.5,66,0,10,5,100,1,C
15-07-2021,24.4,33,28.5,65,0,3.9,5,150,2,C
16-07-2021,23.2,32,27,69,0,10,5,100,2,C
17-07-2021,22.3,32.8,27.1,74,0,5.4,4,100,1,C
18-07-2021,25,34.6,28.3,77,0,7.7,6,110,2,E
19-07-2021,25,33.6,28.6,78,9.2,9.2,8,340,2,C
20-07-2021,27,34.4,29.7,72,0,10.2,8,110,3,C
21-07-2021,26.6,33.4,28.8,70,0,10.8,4,270,2,C
22-07-2021,26.2,32.6,28.7,77,0,9.1,4,160,2,C
24-07-2021,24.2,34.4,28.2,77,5.3,6.5,6,350,2,C
25-07-2021,22.8,34.6,29.4,58,0,10,6,120,2,C
26-07-2021,22.6,33.2,27.6,67,0,10.7,5,100,2,C
27-07-2021,20.8,33.6,27.6,62,0,10.7,5,90,2,C
28-07-2021,20.4,34.2,27.7,62,0,10.6,5,110,1,C
30-07-2021,23.6,33.4,28,74,0,10.4,4,350,2,C
31-07-2021,24,32.4,27.9,78,0,10.4,5,360,2,C
01-08-2021,24,33.8,28.4,77,1,7.7,4,100,2,C
02-08-2021,24.6,32.8,27.9,80,0,8.1,4,340,2,C
03-08-2021,24.4,32.8,27.9,82,6.3,8.4,3,310,1,C
04-08-2021,25,34.2,28.6,76,0,6.8,6,110,2,E
05-08-2021,25.8,33.8,29.1,71,0,8.2,6,80,2,E
06-08-2021,25.8,33.6,29,66,0,10.4,4,350,2,C
07-08-2021,24.6,33.4,29.5,72,0,10,5,80,2,E
08-08-2021,26.4,33.6,29.4,74,0,9.3,7,90,4,E
09-08-2021,26.8,34.8,29.3,76,0,9.4,6,130,3,E
10-08-2021,26,34,29.2,73,0,9.7,4,100,2,C
11-08-2021,25.2,34.2,29,63,0,9.3,5,120,2,C
12-08-2021,23.6,34.8,27.5,75,0,10.6,4,270,2,C
13-08-2021,24.8,33,28.4,76,0,6.5,4,10,2,W
14-08-2021,23.8,33.6,28,80,21.8,9,6,100,2,E
15-08-2021,25,33.8,29,73,0.4,8.7,6,130,3,C
16-08-2021,25.2,34.2,28.5,77,0,10.6,7,90,3,E
17-08-2021,25.4,34.4,29.1,70,0,9.9,4,120,2,C
18-08-2021,25.2,33.2,28,75,0,10.1,4,350,1,C
19-08-2021,25.8,31.8,27.6,83,0,10.8,5,360,1,C
20-08-2021,24,33.6,28.4,73,15.4,5.3,5,110,2,E
21-08-2021,25.6,33.4,28.7,72,0,8.7,4,320,2,C
22-08-2021,23.8,32.8,27.4,82,0.4,6.4,5,320,2,NW
23-08-2021,24.6,34.6,28.7,78,0,9.8,6,110,2,C
24-08-2021,24.8,33.8,28.9,70,0,10,6,130,2,C
25-08-2021,22.8,34,28.4,72,0,10,4,80,2,C
26-08-2021,23.2,34.2,28.2,74,0,8.8,4,330,2,C
27-08-2021,23.4,34.2,28.2,70,0,9.6,6,340,2,C
28-08-2021,24.2,34.4,28.6,73,0,9.8,8,170,2,C
29-08-2021,25.2,35,29.3,76,17.2,9.5,6,110,3,E
30-08-2021,25,34.4,28.8,77,0,9,6,340,2,C
31-08-2021,25.6,34.8,29.6,73,,6.8,5,45,2,E
01-09-2021,25.2,33.8,28.7,77,0,8.4,4,340,2,N
02-09-2021,25,35,29.2,69,0,10.5,7,130,3,C
03-09-2021,19,33.4,28.7,71,0,8.8,3,130,1,C
04-09-2021,24,33,28.6,71,0,7,6,340,2,C
05-09-2021,25.6,32.4,28.4,78,0,9.6,4,10,1,C
06-09-2021,26,33.8,29.2,75,0,0.5,8,360,3,N
07-09-2021,27.2,34,29.7,74,0,9.6,5,50,3,W
08-09-2021,24.6,35.2,28.6,82,13.7,9.7,8,130,2,C
09-09-2021,23,33.8,28.1,70,2.8,8.5,5,280,2,W
10-09-2021,23,34,28.7,80,0,9.5,6,360,2,C
11-09-2021,26,31.6,27.8,84,0,9.3,6,340,2,N
12-09-2021,25.2,33.2,28.6,79,8.8,3.7,5,50,3,SE
13-09-2021,26.2,33,29.9,74,0.2,6.4,8,110,3,E
14-09-2021,27.6,32.2,27.8,82,0,8.1,5,110,2,C
15-09-2021,24,33.6,28.1,78,14.8,3.2,7,70,2,C
16-09-2021,25.2,32.8,28.4,78,0,9.8,4,340,2,C
17-09-2021,24,35.2,28.3,80,10.6,10.3,8,90,2,C
18-09-2021,24.8,35.6,29.5,69,0,9.8,6,80,2,C
19-09-2021,25.2,35.2,29.5,70,0,10.7,7,150,3,C
20-09-2021,24.4,33,28.7,72,0,9.8,5,300,3,NW
21-09-2021,24.6,34.2,27.9,78,24.4,10.1,4,50,2,C
22-09-2021,23.2,32.8,28.5,70,7.2,6.4,9,90,3,SE
23-09-2021,26.6,34.2,29.8,67,0.2,6.2,6,130,3,SE
24-09-2021,26,33.6,29.5,71,0.3,8.4,4,130,2,C
26-09-2021,24.2,32.2,27.4,83,69,9.4,6,70,2,C
27-09-2021,24.8,33.4,28.4,80,10.5,5.8,4,90,2,C
28-09-2021,25.2,33.8,28.8,81,36,8.3,3,280,1,C
29-09-2021,25,35.2,29.4,69,0,9,6,100,2,W
30-09-2021,25.2,35.4,30.1,68,0,10.1,7,120,3,C
01-10-2021,26.6,33.8,29.8,73,0,10.6,5,310,2,W
02-10-2021,25.2,32.8,29.1,73,0,7.2,4,330,2,C
03-10-2021,25.2,32.8,28.8,74,0,6.8,4,340,2,C
04-10-2021,25.8,32.6,28.5,74,0,9.3,5,180,2,C
05-10-2021,25.2,32.8,28.6,77,,6.1,4,350,2,C
06-10-2021,24.8,32.8,28.8,70,0,0,4,330,1,C
07-10-2021,24.2,33.6,28.2,73,0,7.2,5,350,1,C
08-10-2021,24.8,33.2,28.3,79,0,8.8,4,350,2,C
09-10-2021,24.4,32.8,29,75,2.3,9.3,5,350,2,N
10-10-2021,25,35.6,29.1,75,0,9.8,4,360,2,C
11-10-2021,26,34.2,29.6,74,0,10.6,5,350,2,C
12-10-2021,24.8,36,29.2,71,0,8.7,6,110,3,E
13-10-2021,25.4,33.4,29.5,71,0,11.4,6,250,2,C
14-10-2021,25.6,34.8,29.7,69,0,10.4,3,45,1,C
15-10-2021,26,35,29.6,76,0,7.4,6,90,2,C
16-10-2021,25.8,35,30.7,72,0,7.5,4,130,2,W
17-10-2021,26.4,34,29.9,77,4.7,6.3,5,330,2,C
18-10-2021,25.4,33.2,28.1,83,7.7,9,5,130,2,C
19-10-2021,25.2,31.8,28.5,81,0.4,3.3,4,310,2,C
20-10-2021,25.8,33,29.5,80,0,6.6,5,330,2,C
21-10-2021,26,32.6,29.3,82,10.2,9.5,5,350,2,C
22-10-2021,24.8,33.2,27.6,86,15,9.8,4,340,1,C
23-10-2021,25,34.8,29.3,78,12.3,9.1,4,140,2,C
24-10-2021,26,32.2,29.1,81,9.3,7,5,90,2,C
25-10-2021,26,33.2,29.5,80,0,0,5,280,2,C
26-10-2021,23.4,34.6,29.2,76,34.3,9.8,4,360,2,C
27-10-2021,26.4,34,29.1,78,0.3,8.8,6,30,3,SE
28-10-2021,26.2,33.8,29.7,75,1.7,7.7,6,350,3,C
29-10-2021,26.4,32.2,28.5,84,3.1,7.3,6,250,1,C
30-10-2021,26.4,32,28,84,8.4,4.7,4,250,2,C
31-10-2021,26.4,33.4,28.6,84,9.4,6,6,330,2,C
01-11-2021,25,32.4,28.4,82,32,6.6,5,350,2,C
02-11-2021,25.4,31.8,27.6,85,3.4,5.8,3,360,2,C
03-11-2021,25.2,31.8,28.4,82,3,4.6,6,310,2,C
04-11-2021,26.2,32.8,27.9,85,0,8.7,5,260,2,C
05-11-2021,22.8,31.4,28,84,110.8,8,4,340,2,N
06-11-2021,26.2,32.4,29.8,78,0,4.5,5,10,2,C
07-11-2021,26.4,32.4,29.4,81,3.6,7.9,5,340,2,N
08-11-2021,24.4,32,28.5,83,1.8,7.5,5,360,1,C
09-11-2021,26.6,32.2,29,82,0,4.7,5,340,2,C
10-11-2021,25.4,31.4,27.4,89,9.4,4.1,3,360,1,C
11-11-2021,24.8,31,27.9,85,42.4,5.6,4,260,1,C
12-11-2021,25.6,30.6,26.9,87,0.5,1.2,3,330,1,C
13-11-2021,24.4,31.4,27.8,85,30.6,0.5,5,320,2,C
14-11-2021,25.2,31,28,84,19.1,8.4,4,150,1,C
15-11-2021,25.4,29.2,26.1,92,0,2.9,4,250,1,C
16-11-2021,24,30.6,26.8,86,53.2,0,4,200,2,C
17-11-2021,24.4,32.4,27.9,80,0.6,2.3,5,360,2,C
18-11-2021,25.2,32,28.1,81,4,5.1,5,320,2,C
19-11-2021,26,31.6,28.3,83,0,7.5,5,360,2,W
20-11-2021,24.8,30,27.1,88,2.8,5.6,4,110,1,C
21-11-2021,25.6,31.4,28.2,84,0,0,5,340,2,C
22-11-2021,25.4,30.4,27.7,86,0.8,4.1,5,310,3,W
23-11-2021,24.8,31,27.9,86,4.1,3.5,5,350,2,N
24-11-2021,25.2,30.6,27.8,84,4.1,3.5,4,280,1,C
25-11-2021,26,31.4,27.7,87,0.4,2.3,5,340,2,C
26-11-2021,24.8,31.4,27.2,86,1.1,4,6,360,1,C
27-11-2021,24.2,30.6,27.3,86,15.9,2.5,5,360,2,C
28-11-2021,25,28.4,26.8,90,1.6,3.8,3,330,1,C
29-11-2021,25,31.4,27.8,82,0,0,7,45,3,N
30-11-2021,25.2,31.4,28.1,80,4.5,7.1,5,45,2,C
01-12-2021,23.8,31.4,27.6,79,1.8,8.2,5,360,2,C
02-12-2021,25,32.2,28.4,79,0,6.5,5,310,1,C
03-12-2021,25.6,30.8,28.3,85,3.2,6,4,350,1,C
04-12-2021,25.4,30.6,27.7,87,1.1,0.9,5,320,2,C
05-12-2021,25,30.4,26.9,86,3.1,1.6,6,290,2,W
06-12-2021,24.4,30.2,27,91,3.8,0.2,5,300,2,C
07-12-2021,24.6,31,27.5,84,6,0,6,310,3,W
08-12-2021,25.6,31.8,28.3,83,0.6,2.8,8,300,4,W
09-12-2021,25.8,31.6,28.4,82,0,5.6,7,280,2,C
10-12-2021,25.8,31,27.5,84,0,5.3,6,300,2,C
11-12-2021,25,31,27.8,84,3.7,2.3,5,290,2,C
12-12-2021,25.4,31.8,29.2,80,0.6,2.3,5,340,2,C
13-12-2021,26.4,31.6,28.7,85,0,7,4,350,2,C
15-12-2021,26.4,31.2,27.4,90,0.8,6.2,5,360,2,C
16-12-2021,24.2,32,27.7,86,12.8,4.6,4,330,2,C
17-12-2021,24.6,32,28.3,84,4,3.6,4,350,2,C
18-12-2021,26.6,31.8,28.3,88,3.3,7.8,4,330,2,C
19-12-2021,25.2,32.2,28.5,83,2.9,3.4,5,360,2,C
20-12-2021,26.2,31.2,28,85,0.9,8.3,6,340,2,C
21-12-2021,25.6,29.4,26.5,90,5.8,2.1,3,120,1,C
22-12-2021,23.4,31.2,27.8,84,3.1,0,4,330,2,C
23-12-2021,25.8,32.2,28.4,80,0,9,5,360,2,C
24-12-2021,24.2,31.2,27.4,86,22.2,5.6,4,350,2,C
25-12-2021,26,31.2,27.8,84,0,7.1,4,360,2,C
26-12-2021,24.8,32,27.3,86,11,3,5,330,2,C
27-12-2021,25,31.2,26.9,86,5.5,6.2,11,250,2,C
28-12-2021,23.8,30.8,27.6,84,56.8,3.1,7,320,2,W
29-12-2021,25.2,31.2,27.7,84,8.1,5.3,5,330,2,C
30-12-2021,25,31,28,83,0,5.7,5,360,1,C
31-12-2021,25.2,31,26.8,86,11.5,3.2,5,340,1,C
01-01-2022,23.4,30.8,27.8,80,68.5,5.7,5,350,2,C
02-01-2022,24.6,31.2,27.6,84,0.2,5.7,5,350,2,C
03-01-2022,25.4,31.4,28.1,83,0,6.6,4,330,1,C
04-01-2022,24.4,31.8,28.2,78,0,6,4,340,2,C
05-01-2022,25.2,30.8,27.8,79,0,7.1,4,360,2,C
06-01-2022,25.6,31,27.1,84,2,6.5,4,360,2,C
07-01-2022,23,31,26.9,86,58.8,4.5,5,350,2,C
08-01-2022,25,30.8,27.7,83,0.4,5.7,5,360,2,N
09-01-2022,26,29.8,27.5,87,1.2,7,4,290,2,C
10-01-2022,25.2,31,27.3,87,4,0,5,320,2,C
11-01-2022,25.4,31.2,26.8,88,1,6.9,8,300,3,W
12-01-2022,24.4,29.6,26.4,88,23.5,5.2,6,270,3,W
13-01-2022,25,30.6,26.4,86,0.2,0,10,330,3,W
14-01-2022,24.8,30.2,27.1,83,16.3,3.1,8,330,4,W
15-01-2022,25.2,29,27.1,84,0,1,6,250,4,W
16-01-2022,25.6,28.8,26.7,89,10.5,0.6,6,270,2,C
17-01-2022,25.2,31.6,27.6,83,0.8,0,6,350,2,C
18-01-2022,22.8,30.8,26.9,86,60.5,5.6,8,300,4,W
19-01-2022,24.4,30.4,27.1,86,4.6,3.2,7,280,4,NW
20-01-2022,24.2,29.8,26.2,91,50,7,6,320,2,C
21-01-2022,23.4,30.6,26.8,86,2.4,1.1,5,320,2,NW
22-01-2022,25.4,31.4,28.2,82,11.6,6.9,8,320,2,C
23-01-2022,25.4,31,27.6,85,0,0,6,320,2,C
24-01-2022,24.8,31.8,28.1,83,0.8,5.1,5,330,2,NW
25-01-2022,25.4,31.6,28.3,79,0,9.4,7,180,3,NW
26-01-2022,25.2,30.6,27.3,87,1.7,6.2,11,290,4,W
27-01-2022,24.8,31.4,27.5,86,10.3,3.7,8,320,3,C
28-01-2022,25.4,31.8,27.9,80,0,5.4,5,330,2,C
29-01-2022,25.6,32,28.2,82,,5.9,7,350,3,C
30-01-2022,26,32.4,28.7,81,0,6.2,6,330,3,NW
31-01-2022,25.8,30.4,27.6,82,0,7.2,7,330,2,C
01-02-2022,25.2,31.8,27.2,86,3.3,1.4,9,270,3,W
02-02-2022,23.2,31.2,27.4,86,7.6,6.4,7,290,3,W
03-02-2022,25.2,31.8,28.4,80,0,5.3,5,290,2,C
04-02-2022,25.8,31.6,28,82,0,6.9,7,290,2,C
05-02-2022,25.4,30.4,26.1,91,4.2,4.4,6,270,1,C
06-02-2022,25,30.8,27.3,86,24.9,0.3,10,300,4,W
07-02-2022,23.4,28.2,25.3,93,33,5.8,4,280,2,W
08-02-2022,23.4,30.4,26.9,86,4.4,0,10,290,3,W
09-02-2022,24.6,31.6,27.2,84,15.2,1.2,8,290,2,C
10-02-2022,23.8,30.8,27.2,84,5,6.7,7,280,3,C
11-02-2022,24.6,31.4,27.9,82,52.5,3.2,6,310,3,NW
12-02-2022,24.6,30.4,27,89,10.2,5.5,6,310,3,C
13-02-2022,24,30.4,26.7,89,41.7,5,6,310,2,NW
14-02-2022,24.2,33.2,27.3,82,3,1.1,4,100,1,C
15-02-2022,24.2,31.6,27.7,85,24.4,4.4,3,60,1,C
16-02-2022,25.8,34.4,28.1,83,0,2.2,7,110,2,C
17-02-2022,24.4,32.6,27.2,87,6.4,8.9,5,90,2,C
18-02-2022,24.2,27,25.5,94,32.7,6,4,80,1,C
19-02-2022,24,31.2,27.5,82,28.5,0,4,300,1,C
20-02-2022,25.4,31.6,27.7,86,,9.1,4,350,1,C
21-02-2022,23.8,30.6,27.3,83,0,1.6,4,340,2,C
22-02-2022,23.8,31.6,26.9,85,10.8,0.4,4,290,1,C
23-02-2022,23.6,31.2,27.3,83,0,1,6,180,2,C
24-02-2022,24,31.4,27.8,86,3,4.8,5,340,2,C
25-02-2022,23.8,30.6,27.2,84,3.4,8.5,4,330,2,C
26-02-2022,25.4,31.4,28.3,84,0,4.2,5,320,2,W
27-02-2022,26,31.8,28.8,74,2.6,5.5,9,330,4,W
28-02-2022,24.6,29.6,27.2,90,19.8,6.8,10,270,3,W
01-03-2022,24.4,31,27.2,86,13.2,0,8,280,3,W
02-03-2022,24.2,31.6,27.3,88,0,6.1,8,320,4,W
03-03-2022,24.2,31.2,27.6,85,18.5,8.1,5,290,2,C
04-03-2022,25.2,30.8,27.8,84,1.2,6.4,5,340,2,C
05-03-2022,25.2,31.2,27.5,90,0,6.3,5,340,1,C
06-03-2022,25,31.4,27.9,86,1,4.4,4,360,2,C
07-03-2022,26,31.2,27.1,91,0,7.3,3,330,1,C
08-03-2022,23.8,31,26.3,89,11.4,2.3,6,340,2,C
09-03-2022,24.4,30.8,26.9,90,29,7.1,6,330,2,C
10-03-2022,24,30.6,27.1,88,5.9,2.5,4,280,2,C
11-03-2022,24.4,31,27.7,85,0.5,4.9,6,320,3,W
12-03-2022,25,30.6,27.3,90,17.5,8.3,5,350,2,C
13-03-2022,25,31.4,28.6,84,5.6,1.2,6,340,2,C
14-03-2022,25,32.4,27.2,90,5.8,9.4,6,320,2,NW
15-03-2022,25.2,30.4,27,94,20.9,7.5,2,320,0,C
16-03-2022,24,32,27.5,83,4.9,0.5,5,350,2,C
17-03-2022,24.6,31.6,28.2,80,0,6.9,5,330,2,C
18-03-2022,25.6,32.2,29.2,84,0,10.2,6,290,2,W
19-03-2022,26.6,32.2,26.8,88,0,8.8,5,290,2,C
20-03-2022,24.4,32.2,27.9,87,19.5,5.3,4,120,2,C
21-03-2022,25,31.4,28.4,81,4,6,5,360,2,C
22-03-2022,25.4,30.6,27.3,86,0,5.3,4,340,1,C
23-03-2022,25.2,31.8,28.5,85,4.7,2.4,7,240,3,W
24-03-2022,24.8,31.6,28.2,84,1.2,3.3,6,340,2,C
25-03-2022,25,31.8,28.4,79,0,9,4,330,1,C
26-03-2022,26.2,32.2,28.8,82,0,7.4,6,330,2,W
28-03-2022,25.8,31.6,28.4,78,0,8,5,350,2,C
29-03-2022,24.8,32,28.8,76,0,4.6,6,280,2,C
30-03-2022,25.4,32.6,28.9,76,0,8.5,5,340,2,C
31-03-2022,24.8,32.6,28.3,74,0,9.4,5,20,2,C
01-04-2022,24.2,33,28,82,14.5,8.2,4,280,2,C
02-04-2022,24.6,32.4,28.3,76,1,8.7,5,360,2,C
03-04-2022,26.2,32.2,28.1,81,0,9.6,4,340,2,C
04-04-2022,24.4,32.4,28.3,80,0,6,4,290,2,SE
05-04-2022,23.8,32,28.7,80,0,8,4,270,2,W
06-04-2022,25,34.8,28.9,77,21.2,9.2,5,260,2,C
07-04-2022,25,32,28,84,,8.2,4,270,2,C
08-04-2022,24.8,32,28,78,1,5.8,5,140,2,C
09-04-2022,25.2,32.8,27.9,81,1,7.8,5,350,2,C
10-04-2022,25.2,32.4,28.7,78,2.7,7.9,3,120,1,C
11-04-2022,25.8,33.6,28.9,82,0,5.8,6,360,3,NW
12-04-2022,24,32.4,28.4,75,32.2,10,4,350,2,N
13-04-2022,25.2,33.2,28.6,75,0,8.3,5,350,2,C
14-04-2022,26,32.8,29.3,75,0,9,5,340,2,C
15-04-2022,25.2,33.6,28.9,74,0,8.9,5,330,2,C
16-04-2022,26.2,33.6,29.5,77,0,10.4,6,360,3,N
17-04-2022,24.4,34,29,78,0,10.2,5,360,2,N
18-04-2022,24.8,33,29.1,82,7,10.4,6,350,2,C
19-04-2022,26,32.4,28,84,2.4,9.6,5,330,2,N
20-04-2022,24.4,31.4,27.4,86,5.4,8,4,350,2,N
21-04-2022,24.8,29.4,25.5,94,4.6,5,10,280,2,C
22-04-2022,23.6,32.4,28.2,78,4.4,1.9,5,50,2,C
23-04-2022,24.8,33.8,27.7,82,0,10.1,4,120,2,C
24-04-2022,25,32.2,28.5,82,6.2,7.4,5,340,1,C
25-04-2022,24.6,32.4,28,84,0.3,6.1,5,320,2,C
26-04-2022,24.8,31.6,27.2,90,15.2,6.6,7,360,1,C
27-04-2022,25.4,31.6,28,84,0,2.6,4,0,1,C
28-04-2022,25,31.6,27.7,82,3.8,4.5,4,290,2,W
29-04-2022,26,32,28.3,81,0,2,5,350,2,C
30-04-2022,26.4,33.2,28.8,81,2.5,5.5,5,320,2,C
02-05-2022,25.8,34.4,29.6,74,0,6.5,7,50,3,SE
03-05-2022,25.8,35.2,30.2,70,0,7.1,8,120,3,SE
04-05-2022,26,33.8,28.9,78,0,9.5,8,350,2,N
05-05-2022,25,33.2,29,76,0,9.5,5,350,2,C
07-05-2022,26,33.8,29.8,76,1,7.5,6,100,3,C
08-05-2022,24.6,32.8,28.7,83,18.8,9.5,7,120,2,NW
09-05-2022,26,32.4,27.5,85,0,8.4,4,290,2,C
10-05-2022,25,34,29.4,77,28.2,4,5,80,2,C
11-05-2022,26.4,32.2,29.1,81,0,6.8,5,340,2,N
12-05-2022,26,32.8,29.2,82,10.5,6.3,6,350,2,NW
13-05-2022,26.2,32.8,29,82,0,6.5,6,340,2,N
14-05-2022,26.8,32.6,28.1,84,0,8.5,5,350,2,N
15-05-2022,25.4,33.2,28.4,85,4.7,3.9,4,100,1,C
16-05-2022,26.6,32.8,28.6,83,0,6.2,5,340,1,C
17-05-2022,22,34.4,28.4,76,0,8.3,4,150,1,C
18-05-2022,25.2,34.6,28.9,80,0.4,7.9,5,90,3,C
19-05-2022,25.8,33.2,28.8,79,3.2,8.5,5,130,2,C
20-05-2022,24.2,33.4,28.2,82,8.2,6.5,4,70,2,C
21-05-2022,24.8,32.6,27.9,81,51.4,9.1,5,140,2,SE
22-05-2022,25.6,33,29.2,74,1,3.2,7,130,3,SE
23-05-2022,26.2,32.2,29.1,74,0.4,6.5,7,120,2,SE
24-05-2022,26.6,33.6,29.5,74,0,1.5,4,150,2,SE
25-05-2022,26.8,31.2,28.4,80,,6.5,4,160,2,C
27-05-2022,23.2,31.8,27.5,82,53.9,0.7,5,340,2,C
28-05-2022,25,32.4,28.3,78,0,8.7,5,340,2,C
29-05-2022,24.8,31.4,27.9,82,0,10.9,5,290,2,C
30-05-2022,24.2,32,28.1,79,8,5.4,7,330,2,NW
31-05-2022,25,31.8,28.2,79,0,10.5,6,340,2,N
01-06-2022,25,32.6,28.4,79,0,10.5,5,40,1,C
02-06-2022,24.8,32.8,28.5,79,0,5.5,4,330,2,C
03-06-2022,24.4,32.8,27.8,83,3.4,8.7,4,270,1,C
04-06-2022,23.8,33.8,27.9,80,3,5.3,4,360,2,C
05-06-2022,24.6,33,26.9,84,0,8.3,4,220,2,C
06-06-2022,23,31.4,26.3,88,48.5,6.3,5,310,2,NW
07-06-2022,23.6,33.6,27.7,80,16.4,2.7,8,310,4,NW
08-06-2022,25.4,33.2,28.2,80,0,7.5,8,80,3,SE
09-06-2022,24,32.4,27.6,80,0,3.4,6,50,3,SE
10-06-2022,23.8,34.4,28.8,75,0,3.9,8,30,2,C
11-06-2022,25.4,33.4,28.7,79,0,8.3,4,110,2,C
12-06-2022,24,32.8,27.9,82,32.3,9.4,4,50,2,C
13-06-2022,23.2,32.2,27.5,83,30.6,8,5,20,2,C
14-06-2022,24.8,33.2,28.3,76,0.4,5.3,7,65,3,E
15-06-2022,26,32,28.5,77,0,8,7,130,3,E
16-06-2022,25.4,33,28.5,76,0.3,3,6,115,3,E
17-06-2022,25,31.2,27.7,80,1.5,5.3,3,50,1,C
18-06-2022,22.6,31.6,27.1,82,0.6,0,4,350,1,C
20-06-2022,23.6,34.2,28.4,78,3.8,1.8,5,110,2,C
21-06-2022,24,32.4,27.8,82,6,9.6,5,330,2,C
22-06-2022,24.6,33.4,28.9,72,0,8.4,8,105,3,E
23-06-2022,23.2,33.4,27.1,79,0,10,4,280,2,NE
24-06-2022,23.6,32,27.5,81,2.6,6.5,4,300,2,NW
25-06-2022,24,32,27.3,82,0,5.2,6,120,1,C
26-06-2022,23.8,30.4,26.6,88,39.7,6.2,4,350,2,W
27-06-2022,24.6,31.4,27.2,87,7.1,1.1,4,20,1,C
28-06-2022,23.4,32.8,27.6,78,35.2,5.4,4,290,1,C
29-06-2022,24.8,34.6,28.3,64,0,6.6,4,100,1,C
30-06-2022,21,32.4,26.5,72,0,9.5,4,270,2,W
01-07-2022,23.2,33.8,27.9,74,0,9.7,7,100,3,SE
02-07-2022,23.4,34.4,28.9,70,0,9.5,7,55,3,C
03-07-2022,25,33.2,28.8,80,5,10,6,100,3,SE
04-07-2022,26,32.4,28.9,80,0,9,5,130,2,C
05-07-2022,25.6,33.2,28.6,81,0,5,5,330,2,C
06-07-2022,25,32.4,27.3,87,4.8,7.8,5,350,2,C
07-07-2022,24.2,33.8,28.6,81,2.7,4.2,6,330,2,C
08-07-2022,23.6,34,27.8,75,0,8.3,6,280,2,NW
09-07-2022,21.6,33.4,27.4,65,0,10,7,120,2,E
10-07-2022,22.8,33.8,27.6,71,0.2,9,9,80,3,E
11-07-2022,24.6,33.4,27.6,78,0,10.5,5,130,2,C
12-07-2022,25.8,34,29,76,0,2.2,7,60,4,E
13-07-2022,25.2,32.2,28,86,1.4,9.8,6,110,2,C
14-07-2022,24,32.8,27.7,84,67.1,2.8,6,80,3,E
15-07-2022,26,33.6,29.2,76,0.6,7,6,150,2,C
16-07-2022,27,32.4,28.3,79,0,9.4,8,250,2,SE
17-07-2022,23.4,29.6,26.4,86,43.7,0,4,340,1,N
18-07-2022,24.6,32.6,27.9,80,0,3,6,70,2,C
19-07-2022,24.8,34,28.6,73,0,7.8,5,110,2,E
20-07-2022,23.4,33.8,28.6,72,0,9.6,5,90,3,C
21-07-2022,21.2,35.2,28.8,71,0,10.4,6,80,2,C
22-07-2022,24.2,33.4,29,72,0,8.7,6,50,3,E
23-07-2022,24.8,33.8,28.2,78,0,5.2,6,60,3,E
24-07-2022,23.8,33.8,28.5,78,0,6.8,4,300,2,W
26-07-2022,21.8,33,27,71,0,8.7,4,120,1,C
27-07-2022,24,33.8,28.7,71,0,10.5,8,110,3,E
28-07-2022,26.2,33.8,29.4,68,0,9,6,80,2,E
29-07-2022,25.6,33.4,29,66,0,9.2,6,150,3,E
30-07-2022,23.8,32.8,27.7,76,0,7.6,5,90,2,C
31-07-2022,23.6,33.8,27.8,76,0,9.6,8,330,2,C
01-08-2022,25.2,33.6,28.5,75,0,8.7,6,290,3,E
02-08-2022,24.4,33.8,28.8,72,0,10.4,7,100,3,E
03-08-2022,26.8,33.6,29.7,73,0,6.6,8,120,3,E
04-08-2022,25,33,28.3,81,0,8.3,4,360,2,C
05-08-2022,22,32.8,27,78,0.8,8.2,5,360,1,C
06-08-2022,23.2,32.2,27.8,75,0,9.9,4,360,2,C
07-08-2022,23.8,33.2,28.3,80,0,9.6,4,300,2,C
08-08-2022,23,34.4,28.9,70,0,7.3,4,300,2,C
09-08-2022,23.8,34.8,28.5,72,0,7.2,6,90,2,C
10-08-2022,24,34.4,28.5,76,0,9.2,6,30,3,E
11-08-2022,25.4,34.2,29.4,72,2.3,4.8,8,100,3,C
12-08-2022,25.6,33.4,28.5,79,0,9.9,7,90,3,E
13-08-2022,25.4,34,28.1,82,0,8.1,11,220,3,E
14-08-2022,22.2,33,27.4,81,29,6.5,5,80,2,C
15-08-2022,26.2,32,28.8,78,0,6.8,5,20,2,E
16-08-2022,23.2,33.6,28.9,80,29.5,5,4,130,2,C
17-08-2022,24.8,33.6,29.3,70,0,9.2,6,90,4,E
18-08-2022,25,34,28.3,68,0,10,6,120,4,SE
19-08-2022,24.2,34.4,29.6,70,2.4,8.2,8,70,3,E
20-08-2022,23.8,33.8,28.5,69,0,9.4,6,100,3,E
21-08-2022,25.6,34,28.6,74,2.5,9.8,4,350,2,C
23-08-2022,24.2,34.4,28.8,74,0,8.4,6,60,3,E
24-08-2022,24,34,29.8,61,0.4,0,8,90,4,E
25-08-2022,24.2,34,29,64,0,9.7,7,120,3,E
27-08-2022,25.2,34.6,28.9,74,0,9.2,5,110,2,NE
28-08-2022,23.2,32.8,27.8,76,6.8,8.5,4,350,1,C
29-08-2022,22.8,33.8,28.4,68,0,3.8,5,110,2,C
30-08-2022,23.4,32.8,28.3,78,0,6.4,5,340,2,C
31-08-2022,24.6,32.6,28.1,85,8.6,7.8,4,340,2,N
01-09-2022,25.6,34.4,29.7,71,,4.1,8,100,4,SE
02-09-2022,26.2,34.2,30.1,72,0,6.3,6,120,3,SE
03-09-2022,25.2,33,28.8,78,0,10.3,6,340,2,C
04-09-2022,24.4,33.2,28.4,75,0,7,5,350,2,C
05-09-2022,24.8,33.2,28.4,79,0,5.7,6,40,2,C
06-09-2022,24.8,34,28.9,80,3,4.2,9,340,3,SE
07-09-2022,25.4,35,29.9,73,0,8.8,10,340,4,E
08-09-2022,24.4,32,27.6,85,19,7.9,4,360,2,N
09-09-2022,25,32.2,28.3,81,0,2.3,5,90,3,C
10-09-2022,23.4,32.2,27.7,82,23,7.8,5,360,2,C
11-09-2022,23.4,33.2,27.8,81,39.5,7.4,5,100,2,C
12-09-2022,25,33.2,29.3,74,3.6,8.4,7,110,2,C
13-09-2022,24.4,33,29.1,76,0,10.4,7,180,3,C
14-09-2022,23.8,33.2,28.9,77,3.7,9.9,4,290,2,N
15-09-2022,23.6,34.6,28.9,76,0,9.1,5,340,2,NW
16-09-2022,24.8,34.6,29.2,72,1.5,9.4,7,120,3,E
17-09-2022,23.6,35.4,29.1,72,18.8,7.9,6,140,2,C
18-09-2022,24.6,36,29.9,67,0,9.9,5,170,2,C
19-09-2022,24,33.4,28.7,71,0,10.4,5,300,2,C
20-09-2022,24.2,34.2,29,74,2,10,5,100,2,C
21-09-2022,24.8,33.2,28.4,76,0,4.5,5,290,2,C
22-09-2022,25.4,35.2,28.8,79,0,4.6,5,120,2,SE
23-09-2022,24.4,34.4,28.9,76,6.4,7,5,280,2,N
24-09-2022,24,34.8,29.1,77,,7,4,160,2,N
25-09-2022,23.2,35.6,30.1,67,0,7.6,6,130,2,C
26-09-2022,24.6,34.2,29.8,72,0,10.4,3,360,2,NW
27-09-2022,23.4,35.8,29.6,66,0,7.2,7,120,2,C
28-09-2022,24.6,35.6,29.5,66,0,9.2,8,80,3,E
29-09-2022,25.4,34.8,29.5,72,0,9.6,5,50,2,NE
30-09-2022,24.4,33.4,29.3,73,0,8.5,5,120,2,SE
01-10-2022,24.8,34,29.6,74,0,5.1,8,360,2,C
02-10-2022,26.4,32.8,29,78,0,8.5,4,330,2,W
03-10-2022,25.4,32.4,28.6,77,0,4.1,5,340,2,N
04-10-2022,26.2,32.4,28.2,79,0,4.5,4,340,2,N
05-10-2022,25.6,32.6,28,80,0,2.8,6,200,2,C
06-10-2022,24.2,33.8,27.5,82,25,5.7,5,100,2,C
07-10-2022,22.8,32.6,28.2,81,34.4,3.2,6,290,2,C
08-10-2022,25.6,33.8,27.8,85,0.4,6.5,6,210,2,C
09-10-2022,23.2,32.4,26.7,85,21.4,4.8,5,320,2,N
10-10-2022,23.2,32,27,85,18.4,4.6,13,0,3,N
11-10-2022,23.8,31.2,27.2,84,15.8,7.2,4,20,2,C
12-10-2022,23.4,32.2,26.8,85,0.4,3.9,4,350,1,C
13-10-2022,24.2,31.6,27,88,12,5.8,3,270,1,C
14-10-2022,25,33.8,27.7,84,5.6,4.7,5,260,1,C
15-10-2022,24.6,33,27.9,83,83.2,4,4,120,2,C
16-10-2022,25,34.8,29.5,77,7.2,4.1,5,90,2,C
17-10-2022,26,32.2,28.1,83,4.8,8,4,150,1,C
18-10-2022,25,30.8,27.2,87,3.5,2.4,4,340,1,N
19-10-2022,24.4,30.4,27.2,86,24.4,0,5,10,2,N
20-10-2022,24.4,32.4,29,78,0,1.7,7,20,3,N
21-10-2022,24.8,30.6,26.7,89,2,8,4,330,2,C
22-10-2022,23.8,30.4,27.8,82,5,0.6,4,330,1,C
23-10-2022,25.6,31.8,28.6,80,0,3.8,4,300,1,C
24-10-2022,25.4,31.8,27.1,87,0,4.6,3,280,1,SE
25-10-2022,24.2,30.8,27,85,18.2,2.1,4,10,2,N
26-10-2022,23.8,30.8,27.5,85,15,0,4,200,1,C
27-10-2022,24,31.2,27.5,79,0,1.8,4,330,2,C
28-10-2022,25,32.8,28.9,74,0,7,5,340,2,C
29-10-2022,25.2,32,28.5,75,0,8.4,6,45,2,C
30-10-2022,24.2,32.2,28.8,71,0,4.8,5,350,1,C
31-10-2022,24.8,32.2,29,72,0,6.1,5,340,2,C
01-11-2022,24.2,32,28.2,78,0,6.8,4,340,2,C
02-11-2022,25.4,33.6,28.4,82,1.8,2.9,7,120,2,E
03-11-2022,25.4,32.8,29.2,77,2.2,6.3,4,0,1,C
04-11-2022,26.2,34.6,28.6,82,0,7.8,8,270,2,C
05-11-2022,21.6,32,28.4,82,64,6.5,6,130,2,N
06-11-2022,24.6,32.4,27.1,88,16,5.1,4,360,2,C
07-11-2022,23.8,31.4,27.8,78,92,4.9,4,60,2,C
08-11-2022,24,31.4,27.7,81,4.7,7.3,5,360,2,C
09-11-2022,24.8,31.8,28.1,80,0,4.3,4,350,2,N
10-11-2022,24.4,32,28.6,76,8.5,2.1,4,200,2,N
11-11-2022,25.2,32,28.2,83,1.6,5.6,4,350,1,C
12-11-2022,25.2,32.4,27.7,86,,4.5,4,360,2,C
13-11-2022,24.6,32.8,29.1,80,47,5.2,4,150,2,C
14-11-2022,25.6,32.8,28.5,84,,3.2,6,340,2,C
15-11-2022,25,31.6,28,86,11,6.3,4,350,2,C
16-11-2022,23,31.4,29,76,0,5.6,6,340,2,C
17-11-2022,25.4,31.4,27.4,84,0,3.2,12,320,2,W
18-11-2022,25,31.8,28.4,79,1.4,2,5,0,2,N
19-11-2022,24,30.4,27,81,5,0,6,340,2,C
20-11-2022,25.2,32.2,29,78,0,4,4,360,2,C
21-11-2022,25,32.8,29,77,0,7.6,5,360,2,C
22-11-2022,25.2,32.4,27.9,84,9.2,7.8,4,340,1,C
23-11-2022,25,31.4,27.6,82,1.3,6.2,3,360,1,N
24-11-2022,26.2,31.8,28,82,0,1.1,4,20,2,E
25-11-2022,25.4,31.4,28.1,78,0,1.6,6,340,2,C
26-11-2022,25,31.6,27.1,86,0,3.4,5,340,2,C
27-11-2022,24,31.2,27.2,85,4.1,0.6,5,220,1,C
28-11-2022,24,31.8,28.2,78,1.3,3.3,4,360,1,C
29-11-2022,25.6,32.6,27.3,84,0,6.3,5,350,2,C
30-11-2022,24.2,31.4,26.7,88,12.4,6.3,4,330,1,C
01-12-2022,24,32.2,28,79,3.3,2.7,4,270,2,C
02-12-2022,25,30.2,27.9,80,0,6.5,3,280,2,W
03-12-2022,25.6,31.8,28.8,78,0,0.3,5,340,2,C
04-12-2022,24.4,32,27.4,88,1.9,7.1,4,340,1,C
05-12-2022,24,32.2,27.8,82,11,4.9,4,70,1,E
06-12-2022,24.6,32.2,28.7,77,0,3.6,4,340,2,N
07-12-2022,25.6,31.4,28.5,80,0,8.4,5,10,2,NW
08-12-2022,26.6,31.4,28.5,83,0,5.2,5,350,2,C
09-12-2022,24.2,33.2,28.5,73,0,0.5,5,340,3,C
10-12-2022,24,33.2,29.3,75,1.6,6.6,5,350,2,C
11-12-2022,24.2,33.4,29,77,0,6.5,6,190,2,C
12-12-2022,23.2,32.6,28.9,74,18.2,6.8,5,350,1,C
13-12-2022,24.6,32.4,28.8,81,6,8.4,6,340,2,C
14-12-2022,25.6,31.8,28.8,80,0,8.8,4,340,1,C
15-12-2022,26,32.8,28.1,82,0,5.8,4,190,1,C
16-12-2022,25,31.6,26.7,88,0.8,6,6,270,2,C
17-12-2022,22.8,32.4,27.4,84,32.5,2.3,6,350,2,C
18-12-2022,24.2,32,28.2,82,1.2,8.2,5,340,2,C
19-12-2022,25.4,31,28.8,82,0.3,8.6,4,340,2,N
20-12-2022,25.2,32.4,27.7,86,0,2.4,4,350,1,N
21-12-2022,24.6,32,28.1,83,5.5,5.6,5,320,1,C
22-12-2022,25.2,32,28,84,2.7,6.8,7,290,3,C
23-12-2022,23.6,31,28.1,78,5.5,3,9,280,5,W
24-12-2022,25.4,31.6,27.6,83,3.3,0.6,8,280,4,W
25-12-2022,24.2,29.8,27.1,86,8.5,3,9,280,3,W
26-12-2022,24.6,30.6,26.4,84,0.1,0,7,280,2,SW
27-12-2022,22.6,29.6,26.3,87,82.5,0,7,280,2,W
28-12-2022,23.8,31.6,28.2,78,0,0,7,290,3,W
29-12-2022,24,33.4,26.4,89,74.3,7.1,9,290,3,W
30-12-2022,24.2,28.6,25.8,91,2.7,0.8,7,350,2,C
31-12-2022,23.6,27,24.6,96,95.3,0,4,280,2,W
01-01-2023,23,29.6,26.7,83,137.6,0,8,290,4,W
03-01-2023,23.2,30.8,26.9,86,14.9,3.6,8,310,4,W
04-01-2023,25.2,31.4,27.7,82,0.2,3,9,290,5,NW
05-01-2023,24.2,31.6,27.7,83,2.2,6.3,7,280,3,W
06-01-2023,24.4,31,26.4,88,23.5,0,5,340,2,C
07-01-2023,24.2,31,27.2,87,15.3,6.2,4,350,1,C
08-01-2023,25.2,31,27.2,88,3.6,6.5,4,360,2,C
09-01-2023,25.2,31.4,28,84,0,5,7,360,2,C
10-01-2023,25.4,31.6,27.9,85,0,5.2,4,340,2,N
11-01-2023,25.4,32.2,28.3,85,1.5,5.3,7,350,2,N
12-01-2023,25,32.2,28.7,80,0,5.7,4,280,2,W
13-01-2023,24.6,31.8,27.4,86,0,9.4,4,280,2,C
14-01-2023,24,32,28.4,79,2.8,7.9,5,330,3,NW
15-01-2023,25.8,31.8,28.4,82,1,10.5,7,330,2,C
16-01-2023,23.6,32,28.1,85,13.8,5.5,7,330,3,W
17-01-2023,21,29.6,26.9,88,,7.4,7,240,1,C
18-01-2023,23.8,30,25.9,90,16.5,0,4,320,1,C
19-01-2023,24.2,31,26.9,88,23.2,0,6,320,2,C
20-01-2023,25.2,30,27.3,88,0,2.6,4,40,2,C
21-01-2023,25,31,27.6,86,0,1.1,6,340,2,C
22-01-2023,24.8,31,27.6,83,0,4.8,5,330,2,C
23-01-2023,25.2,31.2,26.7,89,1.5,7.2,4,340,2,C
24-01-2023,25,32,27.9,85,8.5,4.5,6,320,2,W
25-01-2023,25,30.2,26.4,90,8,5.9,5,260,2,W
26-01-2023,24.8,31.6,27.5,84,0.2,1.5,4,280,2,W
27-01-2023,24.8,30.2,26.7,90,11.5,2.7,6,280,2,C
28-01-2023,24.8,27.8,26,93,0.9,0,5,240,1,C
29-01-2023,23.6,30,26.4,90,4,0.9,9,330,3,W
30-01-2023,25,31.4,27.9,84,0,2,5,290,2,W
31-01-2023,25.4,31.6,27.3,88,0,1.9,5,310,1,C
01-02-2023,25,29.8,27,87,4.8,1.3,9,280,2,W
02-02-2023,25,30.2,26.5,91,0.6,2.2,5,280,2,W
03-02-2023,23.6,29.4,26.7,86,62.2,0,4,250,2,W
04-02-2023,24.8,31.2,27.2,87,0,1.1,5,260,2,C
05-02-2023,24.6,30.6,27.6,86,27.4,3.6,5,260,2,W
06-02-2023,25.4,30.8,27.4,85,0,1.5,5,320,2,C
07-02-2023,25.2,31.6,27.2,87,,2.1,7,320,3,W
08-02-2023,24.6,30,26.8,90,0.4,2.2,5,320,2,C
09-02-2023,25,31,27.2,89,3.6,1.2,6,290,3,W
10-02-2023,24.8,31.4,27.6,80,,4.4,5,280,3,W
11-02-2023,24,30.4,26.7,88,38.6,8,8,250,3,W
12-02-2023,24.6,31.6,28.1,82,7,2.5,8,280,3,W
13-02-2023,24.6,31,26.8,86,0,4.7,4,360,1,C
14-02-2023,24.6,31,26.7,88,1,5.1,6,290,2,C
15-02-2023,24.8,31.8,27.2,86,2.3,5.9,4,340,2,C
16-02-2023,24.6,31.2,26.4,87,1.9,4.2,7,30,2,C
17-02-2023,24.4,31,27.3,87,27.3,4.5,7,320,3,C
18-02-2023,25,31,26.6,88,2.2,4.8,5,290,1,C
19-02-2023,23.4,31,26.1,88,3.2,3.3,6,280,2,C
20-02-2023,24.4,31.2,26.9,86,17,8.6,5,350,1,C
21-02-2023,24.4,31.4,27.4,84,49,6.1,5,310,2,W
22-02-2023,24.8,30,26.7,86,15.5,8.8,5,300,3,W
23-02-2023,23.4,30.8,26.1,83,13.9,3.2,6,320,3,W
24-02-2023,24,31,26.7,86,13.1,2.7,9,270,4,W
25-02-2023,24.6,30.2,27.4,85,1.2,2.8,8,270,4,W
26-02-2023,24.6,31,26.5,89,6.5,2.5,10,300,4,W
27-02-2023,24.2,29.2,25.3,93,11.8,3.4,8,270,3,W
28-02-2023,23.6,30.4,25.4,92,48.9,1.5,9,270,3,W
01-03-2023,23,30.6,26,86,3.8,1.6,6,320,2,C
02-03-2023,24.4,28.2,24.9,94,13.5,2.7,5,290,2,W
03-03-2023,23.4,31,26.8,86,47.4,0.4,4,320,2,C
05-03-2023,24.4,31.4,27.4,83,28.3,6,7,290,3,W
06-03-2023,24.8,31.4,27.9,81,1.8,8.3,5,290,2,W
07-03-2023,25.2,31,27.7,84,0,7.5,5,340,2,C
08-03-2023,25,31.4,27.9,85,0,8.6,5,320,2,C
09-03-2023,25.6,31.4,27.9,83,8.5,4.4,5,290,2,C
10-03-2023,25,32,28.1,80,0,6,6,360,2,C
11-03-2023,25.6,32.6,28.5,79,0,8.7,5,350,2,C
12-03-2023,25.4,31.4,28.5,81,0,7.2,3,350,2,W
13-03-2023,24,31.2,27.4,80,0,7.4,7,340,3,N
14-03-2023,26,32.2,28.1,81,0,9.7,7,350,2,C
15-03-2023,23.8,31.8,27.8,81,7.4,6.6,5,20,2,C
16-03-2023,25.6,32.4,28.8,80,0,3.2,5,340,2,C
17-03-2023,25.6,32.2,28.4,80,0,6.2,6,340,2,C
18-03-2023,25,32.6,28,82,0,7.7,3,150,2,N
19-03-2023,25.2,33,29,80,0,7.1,6,350,2,N
20-03-2023,25.8,32,27.9,83,0,6.6,4,260,2,C
21-03-2023,24.2,33.4,27.9,81,8.1,6.6,4,45,2,NE
22-03-2023,25.4,32.2,28.4,79,0,5.1,5,350,2,N
23-03-2023,26,32.2,28.7,82,23.6,8.1,7,350,2,C
24-03-2023,25.2,32.4,28.8,79,0,10.4,5,280,2,C
25-03-2023,26.2,31.6,28.6,84,0,9.9,4,310,2,C
26-03-2023,24.8,31.8,28.4,82,0,5.8,5,280,2,W
27-03-2023,24.4,31.6,27.7,84,7.4,5.7,6,340,2,C
28-03-2023,25,31.2,27.6,85,1.2,5.7,5,350,2,C
29-03-2023,24.6,31.8,27.8,82,4.2,4.3,6,350,2,C
30-03-2023,25.4,32.2,28.6,79,0.6,5.1,6,340,2,NW
31-03-2023,25.4,32.2,27.9,83,0.2,4.2,4,340,2,C
01-04-2023,24.6,32,26.5,88,0,3.4,4,170,1,C
02-04-2023,24,31.6,26.8,82,13.3,2.6,4,360,2,C
03-04-2023,24.6,31.6,27.3,87,0,6.6,4,360,2,C
04-04-2023,24.6,31.6,28.1,80,9.2,8.5,5,350,1,C
05-04-2023,24.8,32,27.9,80,0,5.7,5,350,2,C
06-04-2023,25.6,32.2,27.7,83,0,9.6,6,320,2,C
07-04-2023,25,32.6,28.1,77,0,4.3,7,350,2,SW
08-04-2023,24.8,31.8,27.2,84,0,4.7,7,350,2,C
09-04-2023,24,31,27.7,84,9.4,6.9,5,340,2,C
10-04-2023,24.4,31.2,27.4,84,0,7.9,6,250,2,C
11-04-2023,24.6,31.4,28,82,5.4,4.9,5,350,2,C
12-04-2023,25.4,32.6,29.1,79,3.7,5.8,5,20,2,C
13-04-2023,25,32,28.1,83,9,0,3,320,0,C
14-04-2023,24.8,32.2,28.4,82,0,3.4,6,350,2,C
15-04-2023,24.8,33,29.1,77,0,6.6,5,320,2,NW
16-04-2023,24.6,32.2,29,77,0,6.6,5,320,2,NW
17-04-2023,26.4,32.2,28.9,80,0,5.7,5,10,2,N
18-04-2023,27,34.6,29.9,77,0,5.8,5,350,2,N
19-04-2023,27,34.8,30.1,74,0,7.3,4,350,2,N
20-04-2023,26.2,33.2,28.8,84,0,8.6,4,100,1,C
21-04-2023,25.8,33.2,29,82,,6.5,6,340,2,C
22-04-2023,26.4,34.2,29.4,77,2.8,5.3,7,340,3,C
23-04-2023,26.6,34.6,30.3,74,5.8,9.6,6,110,2,C
24-04-2023,27,34.2,29.8,74,0,9.4,6,130,3,C
25-04-2023,24.4,33.6,28.8,83,4,8.4,5,120,2,C
26-04-2023,25.4,33.4,29.2,81,21,8.1,5,40,2,N
27-04-2023,25.4,34.8,29.4,78,11.6,10.5,4,70,2,C
28-04-2023,25.2,33.2,29.4,80,0.2,6,5,310,2,C
29-04-2023,25,31.2,27.8,88,14,10.3,3,360,1,C
30-04-2023,25.6,32.2,28.7,80,0.5,3.9,5,30,2,C
01-05-2023,25.2,32.6,29.1,82,3.1,8.7,4,340,2,C
02-05-2023,24.8,33,28.5,83,0,6.3,6,340,3,N
03-05-2023,25.4,33.8,28.5,84,25.4,7.7,5,340,2,C
04-05-2023,25.4,33.6,29.6,78,22.4,4,5,340,2,C
05-05-2023,25.6,34.8,28,82,0,8.7,5,110,2,C
06-05-2023,25,33.8,28.9,84,28.7,8.8,5,360,2,C
07-05-2023,25,33.4,29.2,79,0,7.2,4,350,2,C
08-05-2023,26.2,33.2,29.3,81,0.6,7.7,5,340,2,C
09-05-2023,26.4,32.8,30.1,79,0,7.8,4,270,1,C
10-05-2023,27,34,30.4,71,0,3.8,6,70,4,E
11-05-2023,27.2,30.4,26.8,90,0,6.2,5,140,2,SE
12-05-2023,25.2,35,31.6,68,19.4,0,6,120,3,SE
13-05-2023,26.2,34,29.6,79,0,8.8,4,360,2,C
14-05-2023,22.2,33.5,30.5,64,0,6.4,4,170,2,C
15-05-2023,24,33.8,28.7,74,0,10,4,170,1,C
16-05-2023,23.6,33.4,28,72,0,7.9,6,45,2,C
17-05-2023,22,34.4,29.3,64,0,9.5,6,120,2,C
18-05-2023,23.4,34.2,29,67,0,9.5,5,40,2,SE
19-05-2023,25,33.8,28.9,68,0,8.6,4,80,2,E
20-05-2023,25.6,34.2,28.9,74,0,8.8,5,120,2,C
21-05-2023,25.4,34.2,29,77,0,8,4,130,2,C
22-05-2023,25,33.4,28.7,75,0,9.2,5,80,2,C
23-05-2023,24.8,33.4,28.5,76,0,9.6,6,30,2,C
24-05-2023,24.2,34,28.6,76,0,9.7,4,70,1,C
25-05-2023,24.2,35.2,29.1,74,0,8.4,7,90,2,C
26-05-2023,24.2,34,30.6,70,10.7,8.7,7,110,3,E
27-05-2023,26,33.6,29.7,72,0,9.5,6,300,1,C
28-05-2023,24.2,33,28.4,72,0,7.9,4,340,2,N
29-05-2023,24.2,33.6,30.3,65,0,9.9,4,40,2,N
30-05-2023,25.6,33.8,30.2,66,0.4,5.5,5,130,2,SE
31-05-2023,25,34.6,30.9,65,0.2,7.3,5,90,2,C
01-06-2023,24.8,34.4,28.4,74,0,8.1,5,350,2,C
02-06-2023,25,35.2,29.7,73,0,9.5,7,40,2,E
03-06-2023,24.4,34,30.9,71,0,10,5,340,2,C
04-06-2023,25.8,34.4,29.1,76,0,8.9,5,350,2,C
05-06-2023,25.4,33.6,28.7,81,19.8,7.8,4,120,2,C
06-06-2023,25.4,34.2,28.2,79,0,5.6,5,80,2,E
07-06-2023,25.2,33.6,30.5,69,33.6,6.9,4,110,2,E
08-06-2023,25.2,34.4,29.5,74,4.5,6,6,100,2,E
09-06-2023,25.2,34.8,29.3,76,0,10.1,6,110,2,C
10-06-2023,24,34.4,28.8,75,0,10.1,5,50,2,C
11-06-2023,24.4,35.2,29.3,76,0,10.2,5,130,2,C
12-06-2023,24.8,34.4,31.1,69,14.6,9,7,70,3,E
13-06-2023,26,33.6,29.5,74,0,8.3,4,90,2,E
14-06-2023,25.8,34.6,30.7,68,0,9.8,4,110,2,E
15-06-2023,24.8,33,30,67,0,9.2,4,110,2,C
20-06-2023,24.6,34,28.5,82,0.5,10.4,4,50,2,C
21-06-2023,25.4,35.2,29.3,77,0,8,6,130,2,C
22-06-2023,24,34.4,28.3,76,0,6.8,5,40,2,E
23-06-2023,25.2,32.8,28.5,76,0,9.4,5,110,2,C
24-06-2023,25,34.4,28.4,76,0,9,6,45,3,E
25-06-2023,24.8,33.8,27.6,82,0,8,5,360,2,C
26-06-2023,23.6,32,27.3,77,17,7.4,4,360,1,C
27-06-2023,25.2,33.4,28.6,79,0,6.3,5,10,1,C
28-06-2023,24.2,34.4,28.3,78,0,6.9,5,10,2,C
29-06-2023,24.4,34.4,28.9,80,0,7.2,4,300,1,C
03-07-2023,23.6,33.6,28,80,5,7.4,5,350,2,C
06-07-2023,24.6,33.8,28.7,75,0,5.6,5,100,2,C
07-07-2023,24.2,31.4,26.9,89,61.2,8.4,5,170,1,C
08-07-2023,25,32.6,27.8,83,3,3.9,5,80,1,C
09-07-2023,24.6,33.8,28.6,78,0,4.7,5,70,3,E
11-07-2023,24.8,32.4,28.2,76,0,10.2,6,50,2,C
12-07-2023,22.4,34.2,27.1,82,32.8,9.6,5,340,1,C
16-07-2023,24.4,33.4,28.4,75,0,9.1,3,350,1,C
17-07-2023,23.2,34,28.2,64,0,7.2,5,150,2,C
19-07-2023,21.6,34.2,27.1,72,0,10,8,45,2,C
20-07-2023,21.8,34.8,27.2,69,0,9,6,110,3,E
21-07-2023,22.2,33.8,27.9,69,0,10.5,5,110,1,C
22-07-2023,23,34.6,27.6,66,0,8,8,60,2,E
23-07-2023,24.2,34.2,28.4,72,0,10.1,5,100,2,E
24-07-2023,24,33.2,28,74,7.2,6.4,4,80,2,C
25-07-2023,24.4,33.6,28.4,76,0,7.6,6,90,2,E
26-07-2023,24,34.8,28,70,0,8.3,5,45,2,C
27-07-2023,22.2,33.8,27.2,64,0,9.5,5,50,2,C
28-07-2023,22.2,33.8,27.9,72,0,10.5,5,340,2,C
29-07-2023,22.4,34.8,27.3,71,0,9.5,5,130,2,C
30-07-2023,24,34.6,27.5,67,0,9.8,7,110,3,E
31-07-2023,21.4,34.6,27.7,70,0,9.1,5,100,2,C
04-08-2023,23.8,35.2,29,71,0,9.1,4,140,2,C
05-08-2023,22.4,35.2,28.5,70,0,9.3,5,350,2,C
06-08-2023,24.2,34.6,28.6,71,0,10.2,4,340,2,C
07-08-2023,24,35.2,28.8,72,0,8.6,5,150,2,C
08-08-2023,23.4,33.6,28.2,75,28.7,9.8,4,120,2,N
09-08-2023,24.4,33.6,28.1,71,0,9.8,5,330,2,C
10-08-2023,24.6,33.4,28.1,74,0,8.9,6,290,3,NW
11-08-2023,20.8,33.2,26.3,70,0,9,6,320,2,C
12-08-2023,20.8,34.6,27.7,61,0,9.9,5,130,2,C
13-08-2023,20.6,34.2,27.9,72,0,8.8,7,110,3,C
14-08-2023,22.8,35,28.1,70,0,10,5,120,2,C
15-08-2023,24,34.8,27.8,70,0,9.8,7,320,2,NW
16-08-2023,22,34.2,27.4,71,0,9,6,340,2,C
17-08-2023,22.2,34.2,28,66,0,9.8,7,104,2,SE
18-08-2023,22,33.6,27.9,68,0,10,5,20,2,NW
19-08-2023,23.6,34.8,28.2,68,0,8.6,6,200,2,C
20-08-2023,25,35.2,30,60,0,10.4,7,140,3,E
21-08-2023,23.8,35.2,28.7,66,0,9.5,6,110,2,C
22-08-2023,25.2,35.2,29.1,68,0,9.9,6,100,3,E
23-08-2023,23.8,35.4,28.6,68,,9.6,5,320,2,C
24-08-2023,24.2,36,29.2,66,0,9.8,6,100,3,E
25-08-2023,24.2,35.4,28.8,71,0,10,6,340,2,NE
26-08-2023,25.2,33.6,28.9,70,0,10,6,320,3,C
28-08-2023,22.2,35,28.1,68,0,9.2,5,100,2,E
29-08-2023,25,35.6,29.3,62,0,9.8,7,350,3,E
30-08-2023,24.4,35.2,29.2,61,0,9.7,7,80,2,E
31-08-2023,24.8,35,29,70,0,10.1,7,340,3,C
01-09-2023,22.4,34.2,28.3,72,0,9.6,7,360,3,N
02-09-2023,22.8,34.6,27.9,65,0,10.1,6,100,3,C
03-09-2023,22.4,34.4,28.5,65,0,9.5,6,140,4,E
05-09-2023,22.2,36.2,28.8,62,0,9.8,7,340,3,E
06-09-2023,22.4,34.2,28.1,67,0,10,5,350,2,N
07-09-2023,23,34,28.8,69,0,9.1,5,340,2,C
08-09-2023,24,35.2,28.7,72,0,9.5,5,30,2,C
09-09-2023,22,35.6,28.6,62,0,9,5,80,2,E
10-09-2023,23.6,36,28.9,65,0,11.1,4,100,2,C
11-09-2023,23.4,36.6,30.1,62,0,9.9,4,360,1,C
12-09-2023,24,37.2,30,70,0,9.8,6,330,2,E
13-09-2023,23.6,35.8,29.5,71,0,10.1,6,30,3,C
14-09-2023,25.4,36,30.2,66,0,9.5,8,140,2,C
15-09-2023,22.8,36.4,28.8,68,2.8,8.7,6,360,2,C
16-09-2023,25.2,35.2,29.5,72,2.2,10.1,5,60,2,C
17-09-2023,26.2,35.6,29.7,71,0,9.9,5,30,3,E
18-09-2023,25.4,35.2,30.1,69,0,4.4,6,340,3,N
19-09-2023,23.2,36,28.9,68,0,7.7,6,80,2,N
20-09-2023,24.4,36.4,29.3,68,0,9.3,6,120,3,N
21-09-2023,24.8,37.2,29.4,65,0,9.8,5,100,2,C
22-09-2023,22.2,35.8,29.3,64,0,9.5,7,280,2,C
23-09-2023,23.4,35.8,29.5,61,0,9.1,5,360,3,N
24-09-2023,22.6,36.8,29.6,65,0,9.9,9,350,4,E
25-09-2023,24.8,38,30.4,64,0,10.2,5,100,3,E
26-09-2023,22,37.8,29.6,59,0,9,7,350,3,C
27-09-2023,22.2,37.8,30,62,0,10.3,5,80,2,C
28-09-2023,24.2,37.8,30,68,0,10.4,5,360,2,C
29-09-2023,25.2,38,30.4,66,0,10.6,5,320,2,NW
30-09-2023,25.2,37.4,29.5,69,0,10,7,90,3,C
02-10-2023,24,36.7,30.1,66,0,10.1,6,120,3,SE
03-10-2023,24.2,34.8,29.7,66,0,8.3,6,350,2,N
04-10-2023,25.2,37.2,30.8,65,0,8.9,6,350,3,W
05-10-2023,24.8,35.8,29.8,72,0,10.3,7,10,2,C
06-10-2023,25.2,38.6,30.9,66,0,10.6,7,100,3,C
07-10-2023,25,37,30.6,67,0,10.5,7,300,3,C
08-10-2023,25.6,37.8,31.2,62,0.2,9.5,5,90,3,E
10-10-2023,25.2,35.8,29.9,74,0,10,6,130,4,W
11-10-2023,25.8,35.6,30.3,72,0,9.3,7,340,2,C
12-10-2023,26,38,30.6,66,0,9,8,360,2,E
13-10-2023,25.8,35.2,30.1,67,0,9.8,5,320,2,N
14-10-2023,24.4,37.2,30.3,70,11.4,8.8,5,60,2,E
15-10-2023,26.6,37.4,32.4,52,0.6,8.6,6,100,3,E
16-10-2023,26,37.4,31.6,64,0,10.1,6,100,2,C
18-10-2023,24,38.2,30.8,58,0,10.2,8,100,3,C
19-10-2023,24.8,35.2,30.7,62,0,9.9,6,20,3,W
20-10-2023,25.6,37.8,31.4,60,0,9.8,8,330,3,W
21-10-2023,26,33.8,30.4,70,0,8.6,3,280,1,C
22-10-2023,26.8,35.8,30.6,70,0,8.6,4,330,2,C
24-10-2023,27,34.2,29.8,70,,6.3,6,330,3,NW
25-10-2023,23.8,36,29.8,71,5.7,6.1,6,310,2,N
26-10-2023,24.2,35.8,30,72,6.4,8.3,5,350,2,C
27-10-2023,25.8,38.2,31.2,62,0,9.6,5,70,2,SE
28-10-2023,24.2,38.8,31,60,0,9.6,6,90,2,C
29-10-2023,25,38.2,31.4,60,0,10.9,7,70,2,C
30-10-2023,25.4,37,32.1,61,0,10.7,4,360,2,C
31-10-2023,26,36.8,32.1,62,0,10.3,6,30,3,C
01-11-2023,26.2,37,31.6,64,0,8.7,6,300,2,C
02-11-2023,27,35.6,32.2,61,0,6.7,6,360,2,N
03-11-2023,25.2,37.2,31.5,63,0,9.9,6,360,3,C
04-11-2023,25.2,34.6,30,74,2.1,8.8,5,340,2,C
05-11-2023,25,36,31.2,69,2.8,5.8,6,360,2,C
06-11-2023,26.6,35.4,31.6,68,0,7.3,5,360,2,W
07-11-2023,26.2,36.4,31.8,61,0,9.5,6,340,2,C
08-11-2023,26.4,35,31.7,66,0,9.1,6,320,2,N
09-11-2023,26.4,35.4,30.4,70,0,10.2,6,100,2,C
10-11-2023,23.4,34.8,30.4,72,10,8,5,280,2,C
11-11-2023,26,35.4,30.8,70,2.4,8.3,5,330,2,C
12-11-2023,25.2,36.4,31.6,64,6.4,8.6,6,20,2,C
13-11-2023,26.2,35.6,31.2,69,2.6,8.4,4,40,2,N
14-11-2023,27.2,36.4,30.9,70,0.6,6.8,7,40,3,E
15-11-2023,25.4,34.6,30.9,71,23,5,4,240,1,C
16-11-2023,26.8,34.4,30.8,73,0,8.6,4,260,1,C
17-11-2023,25.6,34,30.8,74,22.5,6.1,5,270,2,C
18-11-2023,25.8,35.2,31.9,65,0,6.8,3,290,1,N
19-11-2023,25.8,35.4,31.6,62,0,8.6,5,290,2,N
20-11-2023,26,35.6,31.5,67,0,8.6,6,280,2,W
21-11-2023,25,36.2,31.4,70,29.7,10.1,6,350,2,C
22-11-2023,25.2,37.2,31.9,65,3.4,8.9,6,110,2,C
23-11-2023,24.2,31.6,29.3,84,27.4,9,4,280,1,C
25-11-2023,24.2,32,28.3,82,38,6.1,8,360,2,C
27-11-2023,24.8,33.4,30,73,0,6.7,5,350,3,N
28-11-2023,23.6,30.8,28.6,82,34.9,4.4,3,350,1,C
29-11-2023,25.4,33.8,30,71,0,0.4,6,210,2,C
30-11-2023,25.8,35.6,30.6,72,10.4,1.7,5,90,2,C
01-12-2023,26.2,28.8,26.1,91,0.2,7,3,260,1,C
02-12-2023,23.8,32,29,80,51,0,4,360,1,C
03-12-2023,25.2,34.8,29.2,79,2.8,4.8,4,270,2,C
04-12-2023,24,33.6,28.8,79,67,6.7,5,360,2,N
05-12-2023,24,32.4,29.6,77,7.2,2.9,4,230,1,C
06-12-2023,25.4,32.2,29.6,78,3.9,8.5,5,340,1,C
07-12-2023,26.4,32.8,29.9,76,0,4.9,5,350,2,W
08-12-2023,25.6,32.8,29.8,75,0.6,4.7,5,20,2,C
09-12-2023,26.2,32.4,30,77,0,6.2,3,340,1,C
11-12-2023,25.4,34.4,31,70,1,1,5,360,2,C
12-12-2023,25,33.6,30.9,66,0,9.8,4,360,3,NW
13-12-2023,25.6,33.2,30.4,71,0,10.9,5,350,2,N
14-12-2023,26.6,33.4,30.9,68,0,8.1,4,340,2,C
15-12-2023,26.6,33.6,30.6,68,0,5.8,5,350,2,C
16-12-2023,26,33.8,30.9,71,0,9.3,3,10,2,C
17-12-2023,26,33.8,30.9,68,0,10.2,6,330,2,C
18-12-2023,25.6,33.6,31.2,67,0,9.1,6,360,2,C
19-12-2023,25.8,33.8,30.9,65,0,8,4,260,2,C
20-12-2023,25.6,33.8,30.5,66,0,8.4,4,360,1,C
21-12-2023,24.6,33.2,30.5,65,0,9.1,5,290,2,C
22-12-2023,25.4,33.6,31.2,66,0,10.1,5,320,2,C
23-12-2023,26,36,31.8,62,1.5,10.2,5,340,2,C
24-12-2023,26,33.6,31.2,68,0,10.5,5,310,2,C
25-12-2023,25.6,32.2,28.4,80,6.2,9,6,360,1,C
26-12-2023,25.6,33.4,29.8,70,,1,4,330,1,C
27-12-2023,26,34,30.9,69,2.2,2.3,6,340,2,N
28-12-2023,26.8,36.4,30.5,72,0.2,6.5,10,20,2,C
29-12-2023,25.4,36,31.5,69,12.2,6.5,4,40,2,C
30-12-2023,24.2,33.2,30,74,97.8,8.4,5,350,2,C
31-12-2023,25.8,33.4,30,78,0,7,4,340,2,N
