iteration,weight1,weight2,weight3,weight4,weight_bias,dw1,dw2,dw3,dw4,dw_bias,activation
1,0.5,0.8,0.7,0.3,0.5,0.0103511,0.00710368,0.00284147,0.000405925,0.00202962,0.998983
2,0.498965,0.79929,0.699716,0.299959,0.499797,0.0164921,0.0100972,0.00471202,0.000673146,0.00336573,0.998325
3,0.497316,0.79828,0.699245,0.299892,0.49946,0.0161666,0.011007,0.00447161,0.00068794,0.0034397,0.998308
4,0.495699,0.797179,0.698797,0.299823,0.499116,0.0158476,0.0106799,0.00516771,0.000689028,0.00344514,0.998325
5,0.494114,0.796111,0.698281,0.299754,0.498772,0.0103227,0.00743236,0.00289036,0.000412909,0.00206455,0.999013
6,0.493082,0.795368,0.697992,0.299713,0.498566,0.00556301,0.00401773,0.00175132,0.000412075,0.00103019,0.999515
7,0.492526,0.794966,0.697817,0.299672,0.498463,0.0133137,0.00984054,0.00405199,0.000868283,0.00289428,0.998628
8,0.491194,0.793982,0.697411,0.299585,0.498173,0.0115553,0.00785762,0.0034666,0.000462213,0.00231106,0.99892
9,0.490039,0.793196,0.697065,0.299539,0.497942,0.0218637,0.0144101,0.00695662,0.000993803,0.00496902,0.997671
10,0.487852,0.791755,0.696369,0.299439,0.497445,0.0159328,0.0100799,0.00487738,0.000325159,0.00325159,0.998514
11,0.486259,0.790747,0.695881,0.299407,0.49712,0.00843648,0.00578055,0.00234347,0.000312462,0.00156231,0.999304
12,0.485415,0.790169,0.695647,0.299376,0.496964,0.0119333,0.00845276,0.00397777,0.000497221,0.00248611,0.998887
13,0.484222,0.789324,0.695249,0.299326,0.496715,0.0195144,0.0121965,0.00569171,0.00040655,0.0040655,0.998185
14,0.482271,0.788104,0.69468,0.299285,0.496309,0.0276967,0.0193233,0.00708521,0.00064411,0.0064411,0.997128
15,0.479501,0.786172,0.693971,0.299221,0.495664,0.00771136,0.00531818,0.00159545,0.000265909,0.00132954,0.999447
16,0.47873,0.78564,0.693812,0.299194,0.495531,0.0044758,0.003455,0.00117784,0.000314091,0.000785228,0.999678
17,0.478282,0.785295,0.693694,0.299163,0.495453,0.00835351,0.00603309,0.00201103,0.000618779,0.00154695,0.999358
18,0.477447,0.784691,0.693493,0.299101,0.495298,0.0120525,0.0082713,0.00330852,0.000708968,0.00236323,0.999013
19,0.476242,0.783864,0.693162,0.29903,0.495062,0.00657469,0.00438312,0.00196087,0.000346036,0.00115345,0.999534
20,0.475584,0.783426,0.692966,0.298996,0.494947,0.00903303,0.00673049,0.00265677,0.000531354,0.00177118,0.999276
21,0.474681,0.782753,0.6927,0.298942,0.494769,0.0102539,0.00645617,0.00322809,0.000379775,0.00189887,0.999231
22,0.473656,0.782107,0.692378,0.298904,0.49458,0.00963262,0.00698837,0.00283312,0.000755499,0.00188875,0.999239
23,0.472692,0.781408,0.692094,0.298829,0.494391,0.0179461,0.0140448,0.00390132,0.000780265,0.00390132,0.998406
24,0.470898,0.780004,0.691704,0.298751,0.494001,0.0113807,0.007364,0.00379358,0.00111576,0.00223152,0.999116
25,0.46976,0.779268,0.691325,0.298639,0.493777,0.0109649,0.00776684,0.00434029,0.000456873,0.00228436,0.999098
26,0.468663,0.778491,0.690891,0.298594,0.493549,0.017594,0.0105564,0.00563008,0.00070376,0.0035188,0.998614
27,0.466904,0.777435,0.690328,0.298523,0.493197,0.0123259,0.0083816,0.00394428,0.000986071,0.00246518,0.999052
28,0.465671,0.776597,0.689933,0.298425,0.492951,0.0124144,0.00835582,0.00358107,0.000477475,0.00238738,0.999098
29,0.46443,0.775762,0.689575,0.298377,0.492712,0.0145115,0.00948831,0.00390695,0.000558136,0.00279068,0.998952
30,0.462979,0.774813,0.689185,0.298321,0.492433,0.0169934,0.01157,0.00578499,0.000723123,0.00361562,0.998628
31,0.461279,0.773656,0.688606,0.298249,0.492071,0.0181353,0.0117124,0.0060451,0.000755638,0.00377819,0.998586
32,0.459466,0.772484,0.688002,0.298173,0.491693,0.0125946,0.00792991,0.00349849,0.000932931,0.00233233,0.999167
33,0.458206,0.771691,0.687652,0.29808,0.49146,0.00856541,0.0067535,0.00247079,0.000164719,0.00164719,0.999425
34,0.45735,0.771016,0.687405,0.298063,0.491295,0.00766444,0.00585284,0.00195095,0.000278707,0.00139353,0.999524
35,0.456583,0.770431,0.68721,0.298036,0.491156,0.0202175,0.0127907,0.00618903,0.000412602,0.00412602,0.998514
36,0.454561,0.769152,0.686591,0.297994,0.490743,0.0220945,0.0141405,0.00530269,0.000883782,0.00441891,0.998438
37,0.452352,0.767738,0.68606,0.297906,0.490302,0.0146562,0.00932664,0.00346418,0.000532951,0.00266476,0.999107
38,0.450886,0.766805,0.685714,0.297853,0.490035,0.0210904,0.0133429,0.00645623,0.000430415,0.00430415,0.998514
39,0.448777,0.765471,0.685068,0.29781,0.489605,0.0288412,0.0196645,0.00852126,0.00131096,0.00655482,0.997694
40,0.445893,0.763504,0.684216,0.297678,0.488949,0.0161287,0.0107525,0.00474374,0.000632498,0.00316249,0.998973
41,0.44428,0.762429,0.683742,0.297615,0.488633,-7.07582e-09,-3.70638e-09,-6.73887e-09,-2.80786e-09,-1.12315e-09,0.999987
42,0.44428,0.762429,0.683742,0.297615,0.488633,-1.24067e-07,-5.77553e-08,-1.09093e-07,-4.06426e-08,-2.13908e-08,0.999939
43,0.44428,0.762429,0.683742,0.297615,0.488633,-9.00403e-09,-3.80452e-09,-7.48222e-09,-2.66316e-09,-1.26817e-09,0.999986
44,0.44428,0.762429,0.683742,0.297615,0.488633,-3.41306e-08,-1.57109e-08,-3.03383e-08,-9.75161e-09,-5.41756e-09,0.99997
45,0.44428,0.762429,0.683742,0.297615,0.488633,-1.5176e-08,-7.0043e-09,-1.35417e-08,-5.13649e-09,-2.33477e-09,0.999981
46,0.44428,0.762429,0.683742,0.297615,0.488633,-2.37321e-09,-9.36795e-10,-2.06095e-09,-6.55756e-10,-3.12265e-10,0.999994
47,0.44428,0.762429,0.683742,0.297615,0.488633,-8.09048e-07,-4.1278e-07,-7.43003e-07,-2.8069e-07,-1.65112e-07,0.999818
48,0.44428,0.762429,0.683742,0.297615,0.488633,-6.24519e-09,-2.48097e-09,-5.38969e-09,-1.53991e-09,-8.55506e-10,0.999989
49,0.44428,0.762429,0.683742,0.297615,0.488633,-3.56153e-08,-1.32893e-08,-3.08311e-08,-9.56828e-09,-5.31571e-09,0.999971
50,0.444281,0.762429,0.683742,0.297615,0.488633,-2.00639e-09,-1.00319e-09,-1.69986e-09,-6.96663e-10,-2.78665e-10,0.999994
51,0.444281,0.762429,0.683742,0.297615,0.488633,-3.2818e-08,-1.61566e-08,-2.57495e-08,-1.00978e-08,-5.04892e-09,0.999972
52,0.444281,0.762429,0.683742,0.297615,0.488633,-6.11132e-08,-2.57821e-08,-5.06094e-08,-1.8143e-08,-9.54894e-09,0.999961
53,0.444281,0.762429,0.683742,0.297615,0.488633,-1.94534e-08,-8.58238e-09,-1.57344e-08,-6.00766e-09,-2.86079e-09,0.999979
54,0.444281,0.762429,0.683742,0.297615,0.488633,-1.95273e-07,-8.56459e-08,-1.71292e-07,-6.85167e-08,-3.42584e-08,0.999921
55,0.444281,0.762429,0.683742,0.297615,0.488633,-7.91052e-08,-3.81887e-08,-6.9558e-08,-3.27332e-08,-1.36388e-08,0.999951
56,0.444281,0.762429,0.683742,0.297615,0.488633,-2.24724e-08,-1.12362e-08,-1.86099e-08,-8.07601e-09,-3.51131e-09,0.999977
57,0.444281,0.762429,0.683742,0.297615,0.488633,-2.90207e-08,-1.33942e-08,-2.4556e-08,-8.0365e-09,-4.46472e-09,0.999974
58,0.444281,0.762429,0.683742,0.297615,0.488633,-5.33828e-10,-2.63448e-10,-4.645e-10,-1.52522e-10,-6.93283e-11,0.999997
59,0.444281,0.762429,0.683742,0.297615,0.488633,-2.38478e-09,-8.05252e-10,-2.13702e-09,-7.12338e-10,-3.09712e-10,0.999994
60,0.444281,0.762429,0.683742,0.297615,0.488633,-3.34985e-07,-1.22828e-07,-2.79154e-07,-8.37462e-08,-5.58308e-08,0.9999
61,0.444281,0.762429,0.683742,0.297615,0.488633,-8.99154e-09,-4.16999e-09,-7.4278e-09,-2.99718e-09,-1.30312e-09,0.999986
62,0.444281,0.762429,0.683742,0.297615,0.488633,-1.52153e-07,-7.60764e-08,-1.33134e-07,-5.43403e-08,-2.71702e-08,0.99993
63,0.444281,0.762429,0.683742,0.297615,0.488633,-2.76267e-09,-1.00461e-09,-2.40388e-09,-7.17578e-10,-3.58789e-10,0.999993
64,0.444281,0.762429,0.683742,0.297615,0.488633,-1.20574e-07,-5.16746e-08,-9.37798e-08,-3.44497e-08,-1.91387e-08,0.999943
65,0.444281,0.762429,0.683742,0.297615,0.488633,-1.00859e-08,-4.96767e-09,-8.58053e-09,-3.16125e-09,-1.50536e-09,0.999985
66,0.444281,0.762429,0.683742,0.297615,0.488633,-6.42154e-09,-2.85402e-09,-5.35128e-09,-1.60539e-09,-8.91881e-10,0.999989
67,0.444281,0.762429,0.683742,0.297615,0.488633,-1.2766e-07,-5.76529e-08,-9.88336e-08,-3.70626e-08,-2.05903e-08,0.999941
68,0.444281,0.762429,0.683742,0.297615,0.488633,-8.82607e-08,-4.34069e-08,-7.0898e-08,-2.60441e-08,-1.4469e-08,0.999951
69,0.444281,0.762429,0.683742,0.297615,0.488633,-3.09078e-08,-1.35221e-08,-2.70443e-08,-1.01416e-08,-4.82934e-09,0.999972
70,0.444281,0.762429,0.683742,0.297615,0.488633,-1.28989e-08,-5.37456e-09,-1.03908e-08,-2.86643e-09,-1.79152e-09,0.999984
71,0.444281,0.762429,0.683742,0.297615,0.488633,-8.35624e-09,-3.16182e-09,-6.88825e-09,-2.14552e-09,-1.12922e-09,0.999987
72,0.444281,0.762429,0.683742,0.297615,0.488633,-7.78438e-10,-3.74438e-10,-6.30633e-10,-1.97073e-10,-9.85364e-11,0.999997
73,0.444281,0.762429,0.683742,0.297615,0.488633,-2.91218e-08,-1.27408e-08,-2.54816e-08,-1.00106e-08,-4.55029e-09,0.999973
74,0.444281,0.762429,0.683742,0.297615,0.488633,-9.41494e-08,-4.18442e-08,-7.62162e-08,-2.24165e-08,-1.49444e-08,0.99995
75,0.444281,0.762429,0.683742,0.297615,0.488633,-7.9131e-08,-3.3728e-08,-7.26449e-08,-1.81612e-08,-1.29723e-08,0.999953
76,0.444281,0.762429,0.683742,0.297615,0.488633,-3.86955e-09,-1.50762e-09,-3.06549e-09,-1.15584e-09,-5.02539e-10,0.999992
77,0.444281,0.762429,0.683742,0.297615,0.488633,-1.11416e-08,-6.01294e-09,-9.90367e-09,-4.24443e-09,-1.76851e-09,0.999983
78,0.444281,0.762429,0.683742,0.297615,0.488633,-2.68127e-08,-1.29874e-08,-2.30422e-08,-7.54108e-09,-4.18949e-09,0.999974
79,0.444281,0.762429,0.683742,0.297615,0.488633,-1.08781e-07,-5.43906e-08,-8.7025e-08,-3.26344e-08,-1.81302e-08,0.999945
80,0.444281,0.762429,0.683742,0.297615,0.488633,-1.77792e-08,-7.98775e-09,-1.39141e-08,-5.41105e-09,-2.57669e-09,0.99998
81,0.444281,0.762429,0.683742,0.297615,0.488633,0.01621,0.0111245,0.0044498,0.000635686,0.00317843,0.998975
82,0.44266,0.761317,0.683297,0.297552,0.488315,0.0251527,0.0153996,0.00718648,0.00102664,0.0051332,0.998291
83,0.440144,0.759777,0.682578,0.297449,0.487802,0.0246784,0.0168023,0.00682594,0.00105014,0.00525072,0.998253
84,0.437677,0.758097,0.681896,0.297344,0.487277,0.0241919,0.0163032,0.00788865,0.00105182,0.0052591,0.998251
85,0.435257,0.756466,0.681107,0.297239,0.486751,0.0165443,0.0119119,0.00463241,0.000661773,0.00330886,0.998957
86,0.433603,0.755275,0.680644,0.297173,0.48642,0.00934916,0.00675217,0.00294325,0.00069253,0.00173133,0.999482
87,0.432668,0.7546,0.680349,0.297103,0.486247,0.020829,0.0153954,0.00633927,0.00135842,0.00452805,0.998534
88,0.430585,0.75306,0.679715,0.296968,0.485794,0.0186645,0.0126919,0.00559935,0.00074658,0.0037329,0.998831
89,0.428719,0.751791,0.679156,0.296893,0.485421,0.0334093,0.0220198,0.0106302,0.0015186,0.00759302,0.997465
90,0.425378,0.749589,0.678093,0.296741,0.484661,0.0256027,0.0161976,0.00783755,0.000522504,0.00522504,0.998349
91,0.422817,0.747969,0.677309,0.296689,0.484139,0.0144851,0.009925,0.00402365,0.000536487,0.00268243,0.999212
92,0.421369,0.746977,0.676906,0.296635,0.483871,0.0195862,0.0138736,0.00652874,0.000816092,0.00408046,0.998742
93,0.41941,0.74559,0.676254,0.296554,0.483463,0.0314936,0.0196835,0.00918563,0.000656116,0.00656116,0.99793
94,0.416261,0.743621,0.675335,0.296488,0.482807,0.0432982,0.030208,0.0110763,0.00100693,0.0100693,0.996696
95,0.411931,0.7406,0.674227,0.296387,0.4818,0.0142012,0.00979391,0.00293817,0.000489695,0.00244848,0.99933
96,0.410511,0.739621,0.673934,0.296338,0.481555,0.0084478,0.00652111,0.0022231,0.000592828,0.00148207,0.999605
97,0.409666,0.738969,0.673711,0.296279,0.481407,0.0150771,0.010889,0.00362968,0.00111682,0.00279206,0.99922
98,0.408159,0.73788,0.673348,0.296167,0.481127,0.0210535,0.0144485,0.00577938,0.00123844,0.00412813,0.998804
99,0.406053,0.736435,0.67277,0.296043,0.480715,0.0123286,0.00821906,0.00367695,0.000648874,0.00216291,0.999419
100,0.40482,0.735613,0.672403,0.295979,0.480498,0.016241,0.0121011,0.00477676,0.000955351,0.0031845,0.999106
101,0.403196,0.734403,0.671925,0.295883,0.48018,0.0186573,0.0117472,0.00587359,0.000691011,0.00345505,0.999041
102,0.401331,0.733228,0.671338,0.295814,0.479834,0.0174631,0.0126693,0.00513619,0.00136965,0.00342413,0.999046
103,0.399584,0.731961,0.670824,0.295677,0.479492,0.0310054,0.0242651,0.00674031,0.00134806,0.00674031,0.998014
104,0.396484,0.729535,0.67015,0.295542,0.478818,0.0206694,0.0133743,0.00688982,0.00202642,0.00405283,0.998871
105,0.394417,0.728198,0.669461,0.29534,0.478413,0.0197821,0.0140123,0.0078304,0.000824253,0.00412127,0.998845
106,0.392439,0.726796,0.668678,0.295257,0.478,0.0315409,0.0189245,0.0100931,0.00126164,0.00630818,0.998211
107,0.389284,0.724904,0.667669,0.295131,0.47737,0.0228434,0.0155335,0.00730988,0.00182747,0.00456867,0.998752
108,0.387,0.72335,0.666938,0.294948,0.476913,0.0236242,0.0159009,0.00681467,0.000908623,0.00454311,0.998791
109,0.384638,0.72176,0.666256,0.294857,0.476458,0.0276395,0.018072,0.0074414,0.00106306,0.00531528,0.998584
110,0.381874,0.719953,0.665512,0.294751,0.475927,0.0311893,0.0212352,0.0106176,0.0013272,0.00663602,0.998162
111,0.378755,0.71783,0.66445,0.294618,0.475263,0.0337265,0.0217817,0.0112422,0.00140527,0.00702635,0.998078
112,0.375382,0.715652,0.663326,0.294478,0.474561,0.0253455,0.0159583,0.00704041,0.00187744,0.0046936,0.998819
113,0.372848,0.714056,0.662622,0.29429,0.474091,0.0178233,0.014053,0.00514135,0.000342756,0.00342756,0.999169
114,0.371065,0.71265,0.662108,0.294256,0.473749,0.0165697,0.0126532,0.00421773,0.000602533,0.00301266,0.999297
115,0.369408,0.711385,0.661686,0.294196,0.473447,0.0391438,0.0247645,0.0119828,0.000798854,0.00798854,0.997897
116,0.365494,0.708909,0.660488,0.294116,0.472648,0.0436872,0.0279598,0.0104849,0.00174749,0.00873743,0.997743
117,0.361125,0.706113,0.659439,0.293941,0.471775,0.0315498,0.0200771,0.00745722,0.00114726,0.00573632,0.998648
118,0.35797,0.704105,0.658694,0.293826,0.471201,0.0425872,0.0269429,0.0130369,0.000869126,0.00869126,0.997804
119,0.353712,0.701411,0.65739,0.293739,0.470332,0.0556444,0.0379393,0.0164404,0.00252929,0.0126464,0.996633
120,0.348147,0.697617,0.655746,0.293486,0.469067,0.0351938,0.0234626,0.0103511,0.00138015,0.00690075,0.998393
121,0.344628,0.69527,0.654711,0.293348,0.468377,-5.83022e-08,-3.05392e-08,-5.55259e-08,-2.31358e-08,-9.25432e-09,0.999976
122,0.344628,0.69527,0.654711,0.293348,0.468377,-8.0578e-07,-3.75104e-07,-7.08531e-07,-2.63962e-07,-1.38928e-07,0.999897
123,0.344628,0.69527,0.654711,0.293348,0.468377,-8.2809e-08,-3.49897e-08,-6.88131e-08,-2.44928e-08,-1.16632e-08,0.999975
124,0.344628,0.69527,0.654711,0.293348,0.468377,-2.58807e-07,-1.19134e-07,-2.30051e-07,-7.3945e-08,-4.10805e-08,0.999948
125,0.344628,0.695271,0.654711,0.293348,0.468377,-1.23224e-07,-5.68727e-08,-1.09954e-07,-4.17067e-08,-1.89576e-08,0.999966
126,0.344628,0.695271,0.654711,0.293348,0.468377,-2.51152e-08,-9.91389e-09,-2.18106e-08,-6.93972e-09,-3.30463e-09,0.999988
127,0.344628,0.695271,0.654711,0.293348,0.468377,-4.11939e-06,-2.10173e-06,-3.78311e-06,-1.42918e-06,-8.40692e-07,0.999713
128,0.344628,0.695271,0.654711,0.293348,0.468377,-6.02066e-08,-2.39177e-08,-5.19591e-08,-1.48455e-08,-8.24748e-09,0.999979
129,0.344628,0.695271,0.654711,0.293348,0.468377,-2.80411e-07,-1.04631e-07,-2.42743e-07,-7.53342e-08,-4.18523e-08,0.999948
130,0.344628,0.695271,0.654711,0.293349,0.468377,-2.0714e-08,-1.0357e-08,-1.75494e-08,-7.19236e-09,-2.87694e-09,0.999988
131,0.344628,0.695271,0.654711,0.293349,0.468377,-2.62351e-07,-1.29158e-07,-2.05845e-07,-8.07235e-08,-4.03618e-08,0.99995
132,0.344628,0.695271,0.654711,0.293349,0.468377,-4.52607e-07,-1.90944e-07,-3.74815e-07,-1.34368e-07,-7.07198e-08,0.999931
133,0.344628,0.695271,0.654711,0.293349,0.468377,-1.64645e-07,-7.26376e-08,-1.33169e-07,-5.08463e-08,-2.42125e-08,0.999962
134,0.344628,0.695271,0.654711,0.293349,0.468377,-1.20414e-06,-5.28133e-07,-1.05627e-06,-4.22507e-07,-2.11253e-07,0.999869
135,0.344628,0.695271,0.654711,0.293349,0.468377,-5.22979e-07,-2.52473e-07,-4.59861e-07,-2.16405e-07,-9.01689e-08,0.999917
136,0.344629,0.695271,0.654711,0.293349,0.468377,-1.78623e-07,-8.93115e-08,-1.47922e-07,-6.41927e-08,-2.79099e-08,0.999958
137,0.344629,0.695271,0.654711,0.293349,0.468377,-2.30761e-07,-1.06505e-07,-1.95259e-07,-6.39031e-08,-3.55017e-08,0.999953
138,0.344629,0.695271,0.654712,0.293349,0.468377,-6.45988e-09,-3.18799e-09,-5.62093e-09,-1.84568e-09,-8.38945e-10,0.999994
139,0.344629,0.695271,0.654712,0.293349,0.468377,-2.48696e-08,-8.39753e-09,-2.22858e-08,-7.42859e-09,-3.22982e-09,0.999988
140,0.344629,0.695271,0.654712,0.293349,0.468377,-2.09701e-06,-7.68903e-07,-1.74751e-06,-5.24252e-07,-3.49501e-07,0.999833
141,0.344629,0.695271,0.654712,0.293349,0.468377,-8.08198e-08,-3.74816e-08,-6.67641e-08,-2.69399e-08,-1.1713e-08,0.999974
142,0.344629,0.695271,0.654712,0.293349,0.468377,-9.52053e-07,-4.76026e-07,-8.33046e-07,-3.40019e-07,-1.70009e-07,0.999883
143,0.344629,0.695271,0.654712,0.293349,0.468377,-2.91779e-08,-1.06102e-08,-2.53886e-08,-7.57868e-09,-3.78934e-09,0.999987
144,0.344629,0.695271,0.654712,0.293349,0.468377,-8.54407e-07,-3.66175e-07,-6.64539e-07,-2.44116e-07,-1.3562e-07,0.999902
145,0.344629,0.695271,0.654712,0.293349,0.468377,-8.81399e-08,-4.34122e-08,-7.49847e-08,-2.76259e-08,-1.31552e-08,0.999973
146,0.344629,0.695271,0.654712,0.293349,0.468377,-6.2088e-08,-2.75947e-08,-5.174e-08,-1.5522e-08,-8.62333e-09,0.999979
147,0.344629,0.695271,0.654712,0.293349,0.468377,-8.93544e-07,-4.03536e-07,-6.91776e-07,-2.59416e-07,-1.4412e-07,0.999899
148,0.344629,0.695271,0.654712,0.293349,0.468377,-6.25739e-07,-3.07741e-07,-5.02643e-07,-1.84644e-07,-1.0258e-07,0.999915
149,0.344629,0.695271,0.654712,0.293349,0.468377,-2.36498e-07,-1.03468e-07,-2.06935e-07,-7.76007e-08,-3.69527e-08,0.999951
150,0.344629,0.695271,0.654712,0.293349,0.468377,-1.19798e-07,-4.99156e-08,-9.65036e-08,-2.66217e-08,-1.66385e-08,0.99997
151,0.344629,0.695271,0.654712,0.293349,0.468377,-8.02121e-08,-3.03505e-08,-6.61208e-08,-2.0595e-08,-1.08395e-08,0.999976
152,0.344629,0.695271,0.654712,0.293349,0.468377,-9.61703e-09,-4.62591e-09,-7.79101e-09,-2.43469e-09,-1.21735e-09,0.999993
153,0.344629,0.695271,0.654712,0.293349,0.468377,-2.23024e-07,-9.75729e-08,-1.95146e-07,-7.66644e-08,-3.48475e-08,0.999952
154,0.344629,0.695271,0.654712,0.293349,0.468377,-6.82357e-07,-3.0327e-07,-5.52385e-07,-1.62466e-07,-1.08311e-07,0.999914
155,0.344629,0.695271,0.654712,0.293349,0.468377,-5.51846e-07,-2.35213e-07,-5.06613e-07,-1.26653e-07,-9.04666e-08,0.999919
156,0.344629,0.695271,0.654712,0.293349,0.468378,-4.06465e-08,-1.58363e-08,-3.22005e-08,-1.21412e-08,-5.27876e-09,0.999984
157,0.344629,0.695271,0.654712,0.293349,0.468378,-9.08245e-08,-4.90164e-08,-8.07328e-08,-3.45998e-08,-1.44166e-08,0.99997
158,0.344629,0.695271,0.654712,0.293349,0.468378,-2.11821e-07,-1.02601e-07,-1.82034e-07,-5.95748e-08,-3.30971e-08,0.999954
159,0.344629,0.695271,0.654712,0.293349,0.468378,-7.51592e-07,-3.75796e-07,-6.01274e-07,-2.25478e-07,-1.25265e-07,0.999905
160,0.344629,0.695271,0.654712,0.293349,0.468378,-1.54677e-07,-6.94924e-08,-1.21051e-07,-4.70755e-08,-2.24169e-08,0.999964
161,0.344629,0.695271,0.654712,0.293349,0.468378,0.0360441,0.0247361,0.00989445,0.00141349,0.00706747,0.998385
162,0.341025,0.692798,0.653723,0.293208,0.467671,0.0536533,0.032849,0.0153295,0.00218993,0.0109497,0.997372
163,0.33566,0.689513,0.65219,0.292989,0.466576,0.0532063,0.0362256,0.0147166,0.0022641,0.0113205,0.997312
164,0.330339,0.68589,0.650718,0.292762,0.465444,0.052649,0.0354808,0.0171681,0.00228909,0.0114454,0.997309
165,0.325074,0.682342,0.649001,0.292533,0.464299,0.0398473,0.0286901,0.0111572,0.00159389,0.00796946,0.998317
166,0.321089,0.679473,0.647886,0.292374,0.463502,0.0248948,0.0179796,0.00783726,0.00184406,0.00461015,0.999126
167,0.3186,0.677675,0.647102,0.292189,0.463041,0.0486468,0.0359563,0.0148055,0.00317262,0.0105754,0.997689
168,0.313735,0.67408,0.645621,0.291872,0.461984,0.0468421,0.0318527,0.0140526,0.00187369,0.00936843,0.998099
169,0.309051,0.670894,0.644216,0.291685,0.461047,0.0758951,0.0500218,0.0241485,0.00344978,0.0172489,0.996084
170,0.301462,0.665892,0.641801,0.29134,0.459322,0.0651868,0.0412406,0.0199551,0.00133034,0.0133034,0.997323
171,0.294943,0.661768,0.639806,0.291207,0.457992,0.0428669,0.0293717,0.0119075,0.00158766,0.00793831,0.998638
172,0.290656,0.658831,0.638615,0.291048,0.457198,0.053527,0.037915,0.0178423,0.00223029,0.0111515,0.997919
173,0.285304,0.655039,0.636831,0.290825,0.456083,0.0840454,0.0525284,0.0245132,0.00175095,0.0175095,0.996621
174,0.276899,0.649786,0.634379,0.29065,0.454332,0.109803,0.0766069,0.0280892,0.00255356,0.0255356,0.99476
175,0.265919,0.642126,0.631571,0.290395,0.451778,0.0527929,0.0364089,0.0109227,0.00182044,0.00910222,0.998757
176,0.260639,0.638485,0.630478,0.290212,0.450868,0.0339443,0.0262026,0.00893271,0.00238205,0.00595514,0.999252
177,0.257245,0.635865,0.629585,0.289974,0.450272,0.0555865,0.0401458,0.0133819,0.00411752,0.0102938,0.998581
178,0.251686,0.63185,0.628247,0.289563,0.449243,0.0735077,0.0504465,0.0201786,0.00432398,0.0144133,0.997892
179,0.244336,0.626805,0.626229,0.28913,0.447802,0.0521324,0.0347549,0.0155483,0.00274381,0.00914604,0.998904
180,0.239122,0.62333,0.624674,0.288856,0.446887,0.0635871,0.0473786,0.0187021,0.00374042,0.0124681,0.99838
181,0.232764,0.618592,0.622804,0.288482,0.44564,0.0769605,0.0484566,0.0242283,0.00285039,0.0142519,0.99824
182,0.225068,0.613746,0.620381,0.288197,0.444215,0.0736488,0.0534315,0.0216614,0.00577638,0.0144409,0.998257
183,0.217703,0.608403,0.618215,0.287619,0.442771,0.118717,0.0929088,0.025808,0.0051616,0.025808,0.996523
184,0.205831,0.599112,0.615634,0.287103,0.44019,0.0941292,0.0609071,0.0313764,0.00922835,0.0184567,0.997931
185,0.196418,0.593022,0.612496,0.28618,0.438345,0.0919876,0.0651579,0.0364118,0.00383282,0.0191641,0.997897
186,0.187219,0.586506,0.608855,0.285797,0.436428,0.148512,0.0891071,0.0475238,0.00594047,0.0297024,0.99675
187,0.172368,0.577595,0.604103,0.285203,0.433458,0.125425,0.0852889,0.040136,0.010034,0.025085,0.997663
188,0.159826,0.569066,0.600089,0.284199,0.430949,0.147619,0.0993589,0.0425824,0.00567765,0.0283882,0.997674
189,0.145064,0.55913,0.595831,0.283632,0.428111,0.184811,0.120838,0.0497569,0.00710813,0.0355407,0.997269
190,0.126583,0.547047,0.590855,0.282921,0.424557,0.201993,0.137527,0.0687635,0.00859544,0.0429772,0.996579
191,0.106383,0.533294,0.583979,0.282061,0.420259,0.247579,0.159895,0.0825264,0.0103158,0.051579,0.996371
192,0.0816254,0.517304,0.575726,0.28103,0.415101,0.274506,0.172837,0.0762515,0.0203337,0.0508344,0.997593
193,0.0541748,0.500021,0.568101,0.278996,0.410017,0.256866,0.202529,0.0740958,0.00493972,0.0493972,0.998252
194,0.0284883,0.479768,0.560692,0.278502,0.405078,0.327466,0.250065,0.0833551,0.0119079,0.0595393,0.998466
195,-0.00425836,0.454761,0.552356,0.277311,0.399124,0.56675,0.358556,0.173495,0.0115663,0.115663,0.995853
196,-0.0609334,0.418906,0.535007,0.276155,0.387557,0.853925,0.546512,0.204942,0.034157,0.170785,0.995446
197,-0.146326,0.364255,0.514512,0.272739,0.370479,1.30184,0.828446,0.307708,0.0473398,0.236699,0.99704
198,-0.27651,0.28141,0.483742,0.268005,0.346809,1.449,0.916716,0.443572,0.0295715,0.295715,0.995474
199,-0.42141,0.189738,0.439384,0.265048,0.317238,0.886473,0.604414,0.261913,0.0402942,0.201471,0.99334
200,-0.510058,0.129297,0.413193,0.261019,0.29709,0.424088,0.282725,0.124732,0.0166309,0.0831545,0.996427
201,-0.552467,0.101024,0.40072,0.259355,0.288775,-1.4091,-0.738102,-1.342,-0.559168,-0.223667,0.999932
202,-0.411556,0.174835,0.53492,0.315272,0.311142,-0.225771,-0.1051,-0.198523,-0.0739596,-0.0389261,0.999736
203,-0.388979,0.185345,0.554773,0.322668,0.315034,-0.160931,-0.0679992,-0.133732,-0.0475995,-0.0226664,0.999924
204,-0.372886,0.192145,0.568146,0.327428,0.317301,-0.095694,-0.0440496,-0.0850613,-0.0273411,-0.0151895,0.999857
205,-0.363316,0.19655,0.576652,0.330162,0.31882,-0.0560218,-0.0258562,-0.0499887,-0.0189612,-0.00861874,0.999903
206,-0.357714,0.199135,0.581651,0.332058,0.319682,-0.0530381,-0.0209361,-0.0460594,-0.0146553,-0.0069787,0.999959
207,-0.35241,0.201229,0.586257,0.333524,0.32038,-0.0737304,-0.0376176,-0.0677116,-0.0255799,-0.015047,0.999351
208,-0.345037,0.204991,0.593028,0.336082,0.321884,-0.0505819,-0.0200942,-0.0436529,-0.0124723,-0.00692903,0.999936
209,-0.339979,0.207,0.597393,0.337329,0.322577,-0.0560641,-0.0209194,-0.0485331,-0.015062,-0.00836778,0.999855
210,-0.334373,0.209092,0.602247,0.338835,0.323414,-0.0216493,-0.0108246,-0.0183417,-0.0075171,-0.00300684,0.999962
211,-0.332208,0.210174,0.604081,0.339587,0.323715,-0.0581667,-0.0286359,-0.0456385,-0.0178974,-0.00894872,0.999858
212,-0.326391,0.213038,0.608645,0.341377,0.32461,-0.0488424,-0.0206054,-0.0404476,-0.0145001,-0.00763163,0.999812
213,-0.321507,0.215099,0.612689,0.342827,0.325373,-0.0367723,-0.0162231,-0.0297423,-0.0113561,-0.00540769,0.99989
214,-0.31783,0.216721,0.615664,0.343962,0.325914,-0.0338999,-0.0148684,-0.0297367,-0.0118947,-0.00594735,0.999675
215,-0.31444,0.218208,0.618637,0.345152,0.326508,-0.0207364,-0.0100107,-0.0182338,-0.00858059,-0.00357525,0.999788
216,-0.312366,0.219209,0.620461,0.34601,0.326866,-0.0221941,-0.0110971,-0.0183795,-0.00797601,-0.00346783,0.999882
217,-0.310147,0.220318,0.622299,0.346808,0.327213,-0.0268809,-0.0124066,-0.0227454,-0.00744394,-0.00413552,0.999867
218,-0.307459,0.221559,0.624573,0.347552,0.327626,-0.00792271,-0.00390991,-0.00689379,-0.00226363,-0.00102892,0.99998
219,-0.306666,0.22195,0.625263,0.347778,0.327729,-0.0094914,-0.00320489,-0.00850528,-0.00283509,-0.00123265,0.99996
220,-0.305717,0.222271,0.626113,0.348062,0.327852,-0.0501243,-0.0183789,-0.0417703,-0.0125311,-0.00835405,0.999582
221,-0.300705,0.224108,0.63029,0.349315,0.328688,-0.0148292,-0.00687729,-0.0122502,-0.00494305,-0.00214915,0.999923
222,-0.299222,0.224796,0.631515,0.349809,0.328903,-0.0208004,-0.0104002,-0.0182003,-0.0074287,-0.00371435,0.999708
223,-0.297142,0.225836,0.633335,0.350552,0.329274,-0.0102424,-0.0037245,-0.00891221,-0.00266036,-0.00133018,0.999956
224,-0.296118,0.226209,0.634226,0.350818,0.329407,-0.0380572,-0.0163102,-0.0296,-0.0108735,-0.00604083,0.99974
225,-0.292312,0.22784,0.637186,0.351906,0.330011,-0.0112971,-0.00556425,-0.00961099,-0.00354089,-0.00168614,0.999919
226,-0.291182,0.228396,0.638147,0.35226,0.33018,-0.0137929,-0.00613016,-0.011494,-0.00344821,-0.00191567,0.999934
227,-0.289803,0.229009,0.639297,0.352604,0.330371,-0.0332828,-0.015031,-0.0257674,-0.00966276,-0.0053682,0.999732
228,-0.286475,0.230512,0.641874,0.353571,0.330908,-0.023527,-0.0115706,-0.0188987,-0.00694238,-0.00385688,0.999774
229,-0.284122,0.231669,0.643763,0.354265,0.331294,-0.0104608,-0.00457662,-0.00915324,-0.00343246,-0.00163451,0.999864
230,-0.283076,0.232127,0.644679,0.354608,0.331457,-0.0176991,-0.00737463,-0.0142576,-0.00393314,-0.00245821,0.999909
231,-0.281306,0.232864,0.646105,0.355002,0.331703,-0.0119303,-0.00451417,-0.00983444,-0.00306319,-0.0016122,0.999926
232,-0.280113,0.233316,0.647088,0.355308,0.331864,-0.00661912,-0.00318388,-0.00536233,-0.00167573,-0.000837863,0.999975
233,-0.279451,0.233634,0.647624,0.355475,0.331948,-0.00870657,-0.00380912,-0.00761825,-0.00299288,-0.0013604,0.999868
234,-0.27858,0.234015,0.648386,0.355775,0.332084,-0.0235772,-0.0104788,-0.0190863,-0.00561362,-0.00374241,0.999767
235,-0.276223,0.235063,0.650295,0.356336,0.332458,-0.0123327,-0.00525657,-0.0113218,-0.00283046,-0.00202176,0.999787
236,-0.274989,0.235589,0.651427,0.356619,0.332661,-0.00848352,-0.00330527,-0.00672071,-0.00253404,-0.00110176,0.999949
237,-0.274141,0.235919,0.652099,0.356873,0.332771,-0.00471226,-0.00254313,-0.00418868,-0.00179515,-0.000747979,0.999915
238,-0.27367,0.236174,0.652518,0.357052,0.332846,-0.00979377,-0.00474386,-0.00841652,-0.0027545,-0.00153028,0.999871
239,-0.27269,0.236648,0.653359,0.357327,0.332999,-0.0181547,-0.00907735,-0.0145238,-0.00544641,-0.00302578,0.99975
240,-0.270875,0.237556,0.654812,0.357872,0.333301,-0.011772,-0.00528887,-0.00921288,-0.00358279,-0.00170609,0.999894
241,-0.269698,0.238085,0.655733,0.35823,0.333472,1.50727,1.0344,0.41376,0.0591086,0.295543,0.996336
242,-0.420425,0.134645,0.614357,0.35232,0.303918,0.928598,0.568529,0.265314,0.037902,0.18951,0.994243
243,-0.513284,0.0777916,0.587826,0.348529,0.284967,0.470978,0.320666,0.130271,0.0200416,0.100208,0.994044
244,-0.560382,0.045725,0.574799,0.346525,0.274946,0.364412,0.245582,0.11883,0.015844,0.0792199,0.993982
245,-0.596823,0.0211668,0.562916,0.344941,0.267024,0.177121,0.127527,0.0495937,0.00708482,0.0354241,0.99585
246,-0.614535,0.00841414,0.557956,0.344232,0.263481,0.150057,0.108374,0.0472401,0.0111153,0.0277883,0.997632
247,-0.629541,-0.0024233,0.553232,0.343121,0.260703,0.16757,0.123856,0.0509995,0.0109285,0.0364282,0.99445
248,-0.646298,-0.0148089,0.548132,0.342028,0.25706,0.100128,0.0680868,0.0300383,0.0040051,0.0200255,0.995092
249,-0.656311,-0.0216176,0.545129,0.341627,0.255057,0.13731,0.0904996,0.0436895,0.00624135,0.0312068,0.990748
250,-0.670042,-0.0306675,0.54076,0.341003,0.251936,0.0764085,0.0483401,0.0233903,0.00155936,0.0155936,0.992921
251,-0.677683,-0.0355015,0.538421,0.340847,0.250377,0.0427793,0.0293117,0.0118831,0.00158442,0.00792209,0.99585
252,-0.681961,-0.0384327,0.537232,0.340689,0.249585,0.0821555,0.0581935,0.0273852,0.00342314,0.0171157,0.994117
253,-0.690176,-0.0442521,0.534494,0.340347,0.247873,0.0592651,0.0370407,0.0172857,0.00123469,0.0123469,0.990529
254,-0.696103,-0.0479561,0.532765,0.340223,0.246639,0.0682971,0.0476491,0.0174714,0.0015883,0.015883,0.985872
255,-0.702932,-0.052721,0.531018,0.340064,0.24505,0.0131817,0.00909083,0.00272725,0.000454542,0.00227271,0.995185
256,-0.704251,-0.0536301,0.530745,0.340019,0.244823,0.0213098,0.0164497,0.00560785,0.00149543,0.00373857,0.996905
257,-0.706381,-0.0552751,0.530184,0.339869,0.244449,0.0249034,0.0179858,0.00599527,0.0018447,0.00461174,0.994542
258,-0.708872,-0.0570737,0.529585,0.339685,0.243988,0.0360459,0.0247374,0.00989495,0.00212035,0.00706782,0.992242
259,-0.712476,-0.0595474,0.528595,0.339473,0.243281,0.0225192,0.0150128,0.00671627,0.00118522,0.00395074,0.995166
260,-0.714728,-0.0610487,0.527924,0.339354,0.242886,0.0352153,0.0262389,0.0103574,0.00207149,0.00690496,0.993335
261,-0.71825,-0.0636726,0.526888,0.339147,0.242196,0.0283983,0.0178804,0.0089402,0.00105179,0.00525894,0.992298
262,-0.72109,-0.0654606,0.525994,0.339042,0.24167,0.0343946,0.0249529,0.0101161,0.00269761,0.00674404,0.992206
263,-0.724529,-0.0679559,0.524982,0.338772,0.240995,0.0315773,0.0247127,0.00686463,0.00137293,0.00686463,0.98547
264,-0.727687,-0.0704272,0.524296,0.338635,0.240309,0.0420358,0.0271996,0.0140119,0.00412116,0.00824232,0.989863
265,-0.73189,-0.0731471,0.522895,0.338223,0.239485,0.0546832,0.0387339,0.0216454,0.00227847,0.0113923,0.989473
266,-0.737359,-0.0770205,0.52073,0.337995,0.238345,0.0322031,0.0193219,0.010305,0.00128813,0.00644063,0.982904
267,-0.740579,-0.0789527,0.5197,0.337866,0.237701,0.0329021,0.0223734,0.0105287,0.00263217,0.00658042,0.985779
268,-0.743869,-0.0811901,0.518647,0.337603,0.237043,0.019568,0.0131708,0.00564463,0.000752617,0.00376308,0.983534
269,-0.745826,-0.0825071,0.518082,0.337528,0.236667,0.0175043,0.0114451,0.00471269,0.000673242,0.00336621,0.978679
270,-0.747577,-0.0836517,0.517611,0.33746,0.23633,0.0382803,0.0260632,0.0130316,0.00162895,0.00814474,0.973854
271,-0.751405,-0.086258,0.516308,0.337297,0.235516,0.0328706,0.0212289,0.0109569,0.00136961,0.00684804,0.967325
272,-0.754692,-0.0883809,0.515212,0.33716,0.234831,0.0149493,0.0094125,0.00415257,0.00110735,0.00276838,0.966637
273,-0.756187,-0.0893221,0.514797,0.33705,0.234554,0.0137419,0.010835,0.00396401,0.000264268,0.00264268,0.967364
274,-0.757561,-0.0904056,0.514401,0.337023,0.23429,0.00875529,0.00668586,0.00222862,0.000318374,0.00159187,0.957485
275,-0.758436,-0.0910742,0.514178,0.336991,0.234131,0.0226321,0.0143183,0.00692819,0.00046188,0.0046188,0.901829
276,-0.760699,-0.092506,0.513485,0.336945,0.233669,0.0152385,0.00975265,0.00365725,0.000609541,0.0030477,0.814032
277,-0.762223,-0.0934813,0.513119,0.336884,0.233364,0.00831111,0.00528889,0.00196444,0.000302222,0.00151111,0.620908
278,-0.763054,-0.0940102,0.512923,0.336854,0.233213,0.0212277,0.0134297,0.00649826,0.000433217,0.00433217,0.383693
279,-0.765177,-0.0953532,0.512273,0.336811,0.23278,0.0334942,0.0228369,0.009896,0.00152246,0.00761231,0.274897
280,-0.768527,-0.0976368,0.511283,0.336659,0.232019,0.0154588,0.0103059,0.0045467,0.000606227,0.00303113,0.177647
281,-0.770073,-0.0986674,0.510829,0.336598,0.231716,-1.79671,-0.941135,-1.71115,-0.712981,-0.285192,0.908295
282,-0.590401,-0.00455392,0.681944,0.407896,0.260235,-0.558891,-0.260174,-0.491439,-0.183085,-0.0963606,0.880986
283,-0.534512,0.0214634,0.731088,0.426205,0.269871,-0.266119,-0.112444,-0.221141,-0.0787111,-0.0374815,0.907703
284,-0.5079,0.0327079,0.753202,0.434076,0.273619,-0.119169,-0.0548554,-0.105928,-0.0340482,-0.0189157,0.918599
285,-0.495983,0.0381934,0.763795,0.43748,0.275511,-0.0622836,-0.0287463,-0.0555761,-0.0210806,-0.00958208,0.936793
286,-0.489755,0.0410681,0.769353,0.439589,0.276469,-0.058733,-0.0231841,-0.051005,-0.0162289,-0.00772803,0.943505
287,-0.483882,0.0433865,0.774453,0.441211,0.277242,-0.0806312,-0.0411384,-0.0740491,-0.0279741,-0.0164553,0.915571
288,-0.475819,0.0475003,0.781858,0.444009,0.278887,-0.0574755,-0.0228327,-0.0496022,-0.014172,-0.00787336,0.94331
289,-0.470071,0.0497836,0.786818,0.445426,0.279674,-0.0575262,-0.021465,-0.0497988,-0.0154548,-0.008586,0.937543
290,-0.464318,0.0519301,0.791798,0.446972,0.280533,-0.0269915,-0.0134958,-0.0228678,-0.00937205,-0.00374882,0.961665
291,-0.461619,0.0532796,0.794085,0.447909,0.280908,-0.0829529,-0.0408384,-0.0650861,-0.025524,-0.012762,0.935332
292,-0.453324,0.0573635,0.800593,0.450461,0.282184,-0.0535034,-0.0225717,-0.0443075,-0.0158838,-0.0083599,0.93975
293,-0.447974,0.0596207,0.805024,0.452049,0.28302,-0.0427023,-0.0188392,-0.0345386,-0.0131875,-0.00627975,0.948987
294,-0.443703,0.0615046,0.808478,0.453368,0.283648,-0.0317861,-0.0139413,-0.0278826,-0.011153,-0.00557651,0.945998
295,-0.440525,0.0628987,0.811266,0.454484,0.284206,-0.0193722,-0.00935208,-0.0170342,-0.00801607,-0.00334003,0.95786
296,-0.438588,0.0638339,0.81297,0.455285,0.28454,-0.0255651,-0.0127825,-0.0211711,-0.00918745,-0.00399454,0.958637
297,-0.436031,0.0651122,0.815087,0.456204,0.284939,-0.0305466,-0.0140984,-0.0258471,-0.00845905,-0.00469947,0.954979
298,-0.432976,0.066522,0.817672,0.45705,0.285409,-0.00894977,-0.00441677,-0.00778746,-0.00255708,-0.00116231,0.977339
299,-0.432081,0.0669637,0.81845,0.457306,0.285525,-0.00678268,-0.00229026,-0.00607799,-0.002026,-0.000880868,0.975216
300,-0.431403,0.0671927,0.819058,0.457508,0.285613,-0.0509085,-0.0186664,-0.0424237,-0.0127271,-0.00848475,0.936608
301,-0.426312,0.0690594,0.8233,0.458781,0.286462,-0.0164024,-0.00760692,-0.0135498,-0.00546748,-0.00237716,0.967322
302,-0.424672,0.0698201,0.824655,0.459328,0.2867,-0.0213206,-0.0106603,-0.0186556,-0.00761451,-0.00380726,0.956978
303,-0.42254,0.0708861,0.826521,0.460089,0.28708,-0.00892069,-0.00324389,-0.00776216,-0.00231706,-0.00115853,0.97426
304,-0.421648,0.0712105,0.827297,0.460321,0.287196,-0.0463634,-0.01987,-0.0360604,-0.0132467,-0.00735927,0.945795
305,-0.417012,0.0731975,0.830903,0.461645,0.287932,-0.012506,-0.00615968,-0.0106394,-0.0039198,-0.00186657,0.970975
306,-0.415761,0.0738134,0.831967,0.462037,0.288119,-0.0158528,-0.00704569,-0.0132107,-0.0039632,-0.00220178,0.969144
307,-0.414176,0.074518,0.833288,0.462434,0.288339,-0.0412248,-0.0186177,-0.031916,-0.0119685,-0.00664916,0.948711
308,-0.410053,0.0763798,0.83648,0.463631,0.289004,-0.0286728,-0.0141014,-0.0230323,-0.00846083,-0.00470046,0.956281
309,-0.407186,0.0777899,0.838783,0.464477,0.289474,-0.00926696,-0.00405429,-0.00810859,-0.00304072,-0.00144796,0.97138
310,-0.406259,0.0781953,0.839594,0.464781,0.289619,-0.0207327,-0.00863862,-0.0167013,-0.00460726,-0.00287954,0.965119
311,-0.404186,0.0790592,0.841264,0.465241,0.289907,-0.0115226,-0.00435989,-0.00949834,-0.0029585,-0.0015571,0.971657
312,-0.403034,0.0794952,0.842214,0.465537,0.290062,-0.00848037,-0.00407916,-0.00687017,-0.00214693,-0.00107346,0.979525
313,-0.402186,0.0799031,0.842901,0.465752,0.29017,-0.00748728,-0.00327568,-0.00655137,-0.00257375,-0.00116989,0.973867
314,-0.401437,0.0802307,0.843556,0.466009,0.290287,-0.0276541,-0.0122907,-0.0223867,-0.00658431,-0.00438954,0.956952
315,-0.398672,0.0814598,0.845795,0.466668,0.290726,-0.0109745,-0.00467764,-0.0100749,-0.00251873,-0.00179909,0.96817
316,-0.397574,0.0819275,0.846802,0.46692,0.290906,-0.00850253,-0.00331267,-0.00673577,-0.00253972,-0.00110422,0.976529
317,-0.396724,0.0822588,0.847476,0.467174,0.291016,-0.00451201,-0.00243505,-0.00401068,-0.00171886,-0.000716193,0.980597
318,-0.396273,0.0825023,0.847877,0.467345,0.291088,-0.0103687,-0.00502234,-0.0089106,-0.0029162,-0.00162011,0.972295
319,-0.395236,0.0830045,0.848768,0.467637,0.29125,-0.0219576,-0.0109788,-0.0175661,-0.00658727,-0.00365959,0.961134
320,-0.39304,0.0841024,0.850525,0.468296,0.291616,-0.0134949,-0.00606294,-0.0105612,-0.00410715,-0.00195579,0.970797
321,-0.391691,0.0847087,0.851581,0.468707,0.291811,1.19191,0.817975,0.32719,0.0467414,0.233707,0.392116
322,-0.510881,0.00291123,0.818862,0.464032,0.26844,0.526313,0.322232,0.150375,0.0214822,0.107411,0.248974
323,-0.563512,-0.029312,0.803824,0.461884,0.257699,0.317579,0.216224,0.0878409,0.013514,0.06757,0.198454
324,-0.59527,-0.0509344,0.79504,0.460533,0.250942,0.305164,0.205654,0.0995098,0.013268,0.0663399,0.182517
325,-0.625787,-0.0714998,0.785089,0.459206,0.244308,0.135579,0.097617,0.0379622,0.00542317,0.0271158,0.12687
326,-0.639345,-0.0812615,0.781293,0.458664,0.241597,0.131631,0.0950666,0.0414393,0.00975042,0.0243761,0.111995
327,-0.652508,-0.0907681,0.777149,0.457689,0.239159,0.147782,0.10923,0.0449772,0.00963797,0.0321266,0.130531
328,-0.667286,-0.101691,0.772651,0.456725,0.235947,0.0902012,0.0613368,0.0270603,0.00360805,0.0180402,0.0985022
329,-0.676306,-0.107825,0.769945,0.456364,0.234143,0.132727,0.087479,0.0422313,0.00603304,0.0301652,0.123476
330,-0.689579,-0.116573,0.765722,0.455761,0.231126,0.0720621,0.0455903,0.0220598,0.00147066,0.0147066,0.0879756
331,-0.696785,-0.121132,0.763516,0.455614,0.229655,0.0369996,0.0253516,0.0102777,0.00137035,0.00685177,0.0629016
332,-0.700485,-0.123667,0.762488,0.455477,0.22897,0.0799436,0.0566267,0.0266479,0.00333098,0.0166549,0.0917735
333,-0.708479,-0.12933,0.759824,0.455144,0.227305,0.0555606,0.0347253,0.0162052,0.00115751,0.0115751,0.0788098
334,-0.714035,-0.132802,0.758203,0.455028,0.226147,0.0581759,0.0405878,0.0148822,0.00135293,0.0135293,0.0896761
335,-0.719853,-0.136861,0.756715,0.454892,0.224794,0.00969762,0.00668801,0.0020064,0.000334401,0.001672,0.0339131
336,-0.720823,-0.13753,0.756514,0.454859,0.224627,0.0176949,0.0136592,0.00465655,0.00124175,0.00310437,0.0433591
337,-0.722592,-0.138896,0.756049,0.454735,0.224317,0.0209027,0.0150964,0.00503213,0.00154835,0.00387087,0.0482378
338,-0.724682,-0.140405,0.755545,0.45458,0.22393,0.0334219,0.0229366,0.00917465,0.001966,0.00655332,0.0596988
339,-0.728025,-0.142699,0.754628,0.454383,0.223274,0.0222738,0.0148492,0.00664307,0.00117231,0.00390769,0.0446265
340,-0.730252,-0.144184,0.753964,0.454266,0.222883,0.0326481,0.024326,0.00960237,0.00192047,0.00640158,0.058925
341,-0.733517,-0.146616,0.753003,0.454074,0.222243,0.0296248,0.0186527,0.00932634,0.00109722,0.00548608,0.0515253
342,-0.736479,-0.148482,0.752071,0.453964,0.221695,0.0331302,0.0240356,0.00974417,0.00259845,0.00649611,0.058274
343,-0.739792,-0.150885,0.751096,0.453705,0.221045,0.0244577,0.0191408,0.0053169,0.00106338,0.0053169,0.0590467
344,-0.742238,-0.152799,0.750565,0.453598,0.220513,0.0482003,0.0311884,0.0160668,0.00472552,0.00945104,0.0643738
345,-0.747058,-0.155918,0.748958,0.453126,0.219568,0.0627467,0.0444456,0.0248372,0.00261445,0.0130722,0.0754484
346,-0.753333,-0.160363,0.746474,0.452864,0.218261,0.0342722,0.0205633,0.0109671,0.00137089,0.00685444,0.0571645
347,-0.75676,-0.162419,0.745377,0.452727,0.217576,0.0342601,0.0232968,0.0109632,0.00274081,0.00685201,0.0576779
348,-0.760186,-0.164749,0.744281,0.452453,0.21689,0.0182935,0.0123129,0.00527697,0.000703595,0.00351798,0.0436979
349,-0.762015,-0.16598,0.743753,0.452383,0.216539,0.0159597,0.0104352,0.00429685,0.000613836,0.00306918,0.0413547
350,-0.763611,-0.167024,0.743324,0.452321,0.216232,0.0398164,0.0271091,0.0135545,0.00169432,0.00847158,0.0642505
351,-0.767593,-0.169735,0.741968,0.452152,0.215385,0.034549,0.0223129,0.0115163,0.00143954,0.00719771,0.0589727
352,-0.771048,-0.171966,0.740817,0.452008,0.214665,0.0147161,0.00926567,0.0040878,0.00109008,0.0027252,0.0374877
353,-0.772519,-0.172892,0.740408,0.451899,0.214392,0.0114177,0.00900242,0.00329357,0.000219571,0.00219571,0.0366012
354,-0.773661,-0.173793,0.740079,0.451877,0.214173,0.0069548,0.00531093,0.00177031,0.000252902,0.00126451,0.0284006
355,-0.774357,-0.174324,0.739901,0.451852,0.214046,0.0223779,0.0141575,0.00685038,0.000456692,0.00456692,0.048494
356,-0.776595,-0.175739,0.739216,0.451806,0.21359,0.0133037,0.00851438,0.00319289,0.000532149,0.00266074,0.0394007
357,-0.777925,-0.176591,0.738897,0.451753,0.213323,0.00711707,0.00452904,0.00168222,0.000258803,0.00129401,0.0276941
358,-0.778637,-0.177044,0.738729,0.451727,0.213194,0.021087,0.0133408,0.00645521,0.000430347,0.00430347,0.046972
359,-0.780745,-0.178378,0.738083,0.451684,0.212764,0.0322409,0.0219825,0.00952573,0.0014655,0.00732749,0.0623619
360,-0.783969,-0.180576,0.737131,0.451537,0.212031,0.014916,0.00994401,0.00438706,0.000584942,0.00292471,0.0392576
361,-0.785461,-0.181571,0.736692,0.451479,0.211738,-1.39204,-0.729166,-1.32576,-0.552398,-0.220959,0.837138
362,-0.646257,-0.108654,0.869268,0.506719,0.233834,-0.27718,-0.129032,-0.243727,-0.0908002,-0.0477896,0.853958
363,-0.618539,-0.0957508,0.89364,0.515799,0.238613,-0.20398,-0.0861886,-0.169504,-0.060332,-0.0287295,0.892937
364,-0.598141,-0.0871319,0.910591,0.521832,0.241486,-0.102022,-0.0469623,-0.0906859,-0.029149,-0.0161939,0.911031
365,-0.587939,-0.0824357,0.919659,0.524747,0.243106,-0.0516797,-0.0238522,-0.0461142,-0.0174916,-0.00795072,0.93374
366,-0.582771,-0.0800505,0.924271,0.526496,0.243901,-0.0487901,-0.0192592,-0.0423703,-0.0134815,-0.00641975,0.940913
367,-0.577892,-0.0781245,0.928508,0.527844,0.244543,-0.0748335,-0.0381804,-0.0687246,-0.0259626,-0.0152721,0.91208
368,-0.570408,-0.0743065,0.93538,0.53044,0.24607,-0.0528653,-0.0210013,-0.0456235,-0.0130353,-0.00724183,0.939984
369,-0.565122,-0.0722064,0.939943,0.531744,0.246794,-0.0508158,-0.0189611,-0.0439898,-0.013652,-0.00758445,0.936814
370,-0.56004,-0.0703103,0.944342,0.533109,0.247553,-0.0278294,-0.0139147,-0.0235777,-0.00966297,-0.00386519,0.957415
371,-0.557257,-0.0689188,0.946699,0.534075,0.247939,-0.0978465,-0.0481706,-0.0767718,-0.0301066,-0.0150533,0.924358
372,-0.547473,-0.0641017,0.954377,0.537086,0.249444,-0.0519472,-0.0219152,-0.0430187,-0.0154218,-0.00811674,0.937173
373,-0.542278,-0.0619102,0.958678,0.538628,0.250256,-0.0436252,-0.0192464,-0.0352851,-0.0134725,-0.00641547,0.945302
374,-0.537915,-0.0599856,0.962207,0.539976,0.250898,-0.0280241,-0.0122913,-0.0245825,-0.009833,-0.0049165,0.947636
375,-0.535113,-0.0587564,0.964665,0.540959,0.251389,-0.0170548,-0.00823336,-0.0149965,-0.00705717,-0.00294049,0.959234
376,-0.533407,-0.0579331,0.966165,0.541665,0.251683,-0.0264732,-0.0132366,-0.0219231,-0.00951379,-0.00413643,0.95572
377,-0.53076,-0.0566095,0.968357,0.542616,0.252097,-0.0314186,-0.0145009,-0.026585,-0.00870053,-0.00483363,0.952144
378,-0.527618,-0.0551594,0.971016,0.543486,0.25258,-0.0090607,-0.00447152,-0.00788399,-0.00258877,-0.00117671,0.975935
379,-0.526712,-0.0547122,0.971804,0.543745,0.252698,-0.00479036,-0.00161752,-0.00429266,-0.00143089,-0.000622125,0.979006
380,-0.526233,-0.0545505,0.972233,0.543888,0.25276,-0.0486002,-0.0178201,-0.0405001,-0.01215,-0.00810003,0.936147
381,-0.521373,-0.0527685,0.976283,0.545103,0.25357,-0.0166566,-0.00772478,-0.0137598,-0.00555219,-0.00241399,0.965672
382,-0.519707,-0.051996,0.977659,0.545658,0.253812,-0.020685,-0.0103425,-0.0180994,-0.00738751,-0.00369376,0.956456
383,-0.517639,-0.0509617,0.979469,0.546397,0.254181,-0.00748329,-0.00272119,-0.00651143,-0.00194371,-0.000971855,0.975954
384,-0.516891,-0.0506896,0.98012,0.546591,0.254278,-0.0514818,-0.0220636,-0.0400414,-0.0147091,-0.00817171,0.940519
385,-0.511742,-0.0484832,0.984125,0.548062,0.255095,-0.0128502,-0.00632921,-0.0109323,-0.00402768,-0.00191794,0.969486
386,-0.510457,-0.0478503,0.985218,0.548465,0.255287,-0.0167462,-0.00744276,-0.0139552,-0.00418655,-0.00232586,0.966973
387,-0.508783,-0.047106,0.986613,0.548884,0.25552,-0.0466731,-0.0210782,-0.036134,-0.0135503,-0.00752792,0.943223
388,-0.504115,-0.0449982,0.990227,0.550239,0.256273,-0.0321142,-0.0157939,-0.0257967,-0.00947633,-0.00526463,0.951897
389,-0.500904,-0.0434188,0.992806,0.551186,0.256799,-0.00805806,-0.0035254,-0.00705081,-0.00264405,-0.00125907,0.973045
390,-0.500098,-0.0430663,0.993511,0.551451,0.256925,-0.0223839,-0.00932662,-0.0180315,-0.00497419,-0.00310887,0.962336
391,-0.49786,-0.0421336,0.995315,0.551948,0.257236,-0.0106875,-0.00404391,-0.00880994,-0.00274408,-0.00144425,0.972138
392,-0.496791,-0.0417292,0.996196,0.552222,0.25738,-0.00980212,-0.00471494,-0.00794095,-0.00248155,-0.00124077,0.976856
393,-0.495811,-0.0412578,0.99699,0.552471,0.257504,-0.00638474,-0.00279332,-0.00558664,-0.00219475,-0.000997615,0.975752
394,-0.495172,-0.0409784,0.997548,0.55269,0.257604,-0.0301823,-0.0134144,-0.0244333,-0.00718627,-0.00479084,0.953502
395,-0.492154,-0.039637,0.999992,0.553409,0.258083,-0.00965148,-0.00411375,-0.00886038,-0.00221509,-0.00158221,0.969953
396,-0.491189,-0.0392256,1.00088,0.55363,0.258241,-0.00814388,-0.00317294,-0.00645165,-0.00243259,-0.00105765,0.976503
397,-0.490375,-0.0389083,1.00152,0.553874,0.258347,-0.00420622,-0.00227002,-0.00373886,-0.00160237,-0.000667654,0.981013
398,-0.489954,-0.0386813,1.0019,0.554034,0.258414,-0.0104635,-0.00506824,-0.00899203,-0.00294285,-0.00163491,0.971502
399,-0.488908,-0.0381745,1.0028,0.554328,0.258577,-0.0246884,-0.0123442,-0.0197507,-0.00740652,-0.00411474,0.95735
400,-0.486439,-0.0369401,1.00477,0.555069,0.258989,-0.0144836,-0.00650714,-0.011335,-0.00440806,-0.00209908,0.968767
401,-0.48499,-0.0362894,1.0059,0.55551,0.259199,0.660673,0.453403,0.181361,0.0259088,0.129544,0.252061
402,-0.551058,-0.0816297,0.987768,0.552919,0.246244,0.400724,0.245341,0.114493,0.0163561,0.0817805,0.20202
403,-0.59113,-0.106164,0.976319,0.551283,0.238066,0.255571,0.174006,0.0706899,0.0108754,0.0543768,0.170207
404,-0.616687,-0.123564,0.96925,0.550195,0.232629,0.279457,0.18833,0.0911274,0.0121503,0.0607516,0.169879
405,-0.644633,-0.142397,0.960137,0.54898,0.226554,0.114244,0.0822554,0.0319882,0.00456975,0.0228487,0.112833
406,-0.656057,-0.150623,0.956939,0.548523,0.224269,0.122483,0.0884597,0.0385594,0.00907279,0.022682,0.105822
407,-0.668306,-0.159469,0.953083,0.547616,0.222,0.136395,0.100814,0.0415116,0.00889534,0.0296511,0.123403
408,-0.681945,-0.16955,0.948932,0.546727,0.219035,0.0844698,0.0574394,0.0253409,0.00337879,0.016894,0.093825
409,-0.690392,-0.175294,0.946397,0.546389,0.217346,0.130738,0.0861683,0.0415985,0.00594264,0.0297132,0.121541
410,-0.703466,-0.183911,0.942238,0.545795,0.214375,0.0696352,0.0440549,0.0213169,0.00142113,0.0142113,0.0855467
411,-0.71043,-0.188317,0.940106,0.545652,0.212953,0.0334032,0.0228874,0.00927867,0.00123716,0.00618578,0.0586135
412,-0.71377,-0.190605,0.939178,0.545529,0.212335,0.0789528,0.0559249,0.0263176,0.0032897,0.0164485,0.0905968
413,-0.721665,-0.196198,0.936546,0.5452,0.21069,0.0532476,0.0332797,0.0155305,0.00110932,0.0110932,0.0763756
414,-0.72699,-0.199526,0.934993,0.545089,0.209581,0.0515621,0.0359735,0.0131903,0.00119912,0.0119912,0.0829229
415,-0.732146,-0.203123,0.933674,0.544969,0.208382,0.00766948,0.00528929,0.00158679,0.000264465,0.00132232,0.0291003
416,-0.732913,-0.203652,0.933515,0.544942,0.208249,0.0153725,0.0118665,0.00404539,0.00107877,0.00269693,0.0395577
417,-0.73445,-0.204839,0.933111,0.544835,0.20798,0.0182933,0.0132118,0.00440394,0.00135506,0.00338764,0.0442393
418,-0.73628,-0.20616,0.932671,0.544699,0.207641,0.0316082,0.0216919,0.00867676,0.00185931,0.00619769,0.0575243
419,-0.73944,-0.208329,0.931803,0.544513,0.207021,0.022171,0.0147807,0.0066124,0.00116689,0.00388965,0.0443858
420,-0.741658,-0.209807,0.931142,0.544396,0.206632,0.0308508,0.0229868,0.00907376,0.00181475,0.00604917,0.0567804
421,-0.744743,-0.212106,0.930234,0.544215,0.206027,0.0307234,0.0193443,0.00967217,0.0011379,0.00568951,0.0526093
422,-0.747815,-0.21404,0.929267,0.544101,0.205458,0.0322493,0.0233966,0.0094851,0.00252936,0.0063234,0.0572138
423,-0.75104,-0.21638,0.928319,0.543848,0.204826,0.0200125,0.0156619,0.00435054,0.000870108,0.00435054,0.0520264
424,-0.753041,-0.217946,0.927883,0.543761,0.204391,0.0536634,0.0347234,0.0178878,0.00526112,0.0105222,0.0688066
425,-0.758408,-0.221418,0.926095,0.543235,0.203339,0.0697911,0.0494354,0.0276256,0.00290796,0.0145398,0.0806094
426,-0.765387,-0.226362,0.923332,0.542944,0.201885,0.0359523,0.0215714,0.0115047,0.00143809,0.00719046,0.0589486
427,-0.768982,-0.228519,0.922182,0.5428,0.201166,0.0353131,0.0240129,0.0113002,0.00282505,0.00706261,0.0588365
428,-0.772513,-0.23092,0.921052,0.542518,0.200459,0.0173274,0.0116627,0.00499829,0.000666439,0.0033322,0.0422588
429,-0.774246,-0.232087,0.920552,0.542451,0.200126,0.0148234,0.00969219,0.0039909,0.000570129,0.00285065,0.0394941
430,-0.775728,-0.233056,0.920153,0.542394,0.199841,0.0409993,0.0279144,0.0139572,0.00174465,0.00872325,0.0655054
431,-0.779828,-0.235847,0.918757,0.54222,0.198969,0.035875,0.0231693,0.0119583,0.00149479,0.00747396,0.0604406
432,-0.783416,-0.238164,0.917561,0.54207,0.198221,0.0145185,0.00914125,0.0040329,0.00107544,0.0026886,0.037195
433,-0.784868,-0.239078,0.917158,0.541963,0.197953,0.00984525,0.0077626,0.00283998,0.000189332,0.00189332,0.0333716
434,-0.785852,-0.239855,0.916874,0.541944,0.197763,0.00578696,0.00441913,0.00147304,0.000210435,0.00105217,0.0253119
435,-0.786431,-0.240297,0.916727,0.541923,0.197658,0.0221377,0.0140055,0.00677686,0.000451791,0.00451791,0.0482223
436,-0.788645,-0.241697,0.916049,0.541878,0.197206,0.011933,0.00763714,0.00286393,0.000477321,0.00238661,0.0368141
437,-0.789838,-0.242461,0.915763,0.54183,0.196968,0.00628625,0.00400034,0.00148584,0.000228591,0.00114295,0.025624
438,-0.790466,-0.242861,0.915614,0.541807,0.196853,0.0209307,0.0132419,0.00640737,0.000427158,0.00427158,0.0468168
439,-0.79256,-0.244185,0.914973,0.541764,0.196426,0.0312183,0.0212852,0.00922359,0.00141901,0.00709507,0.0611925
440,-0.795681,-0.246314,0.914051,0.541622,0.195717,0.0144689,0.00964592,0.00425555,0.000567407,0.00283704,0.0385636
441,-0.797128,-0.247278,0.913625,0.541566,0.195433,-0.523483,-0.274206,-0.498556,-0.207732,-0.0830926,0.907733
442,-0.74478,-0.219858,0.963481,0.562339,0.203742,-0.433868,-0.201973,-0.381505,-0.142129,-0.0748049,0.873266
443,-0.701393,-0.19966,1.00163,0.576552,0.211223,-0.264032,-0.111563,-0.219407,-0.0780938,-0.0371875,0.900395
444,-0.67499,-0.188504,1.02357,0.584361,0.214941,-0.112924,-0.0519811,-0.100377,-0.0322641,-0.0179245,0.91642
445,-0.663697,-0.183306,1.03361,0.587588,0.216734,-0.0537946,-0.0248283,-0.0480014,-0.0182074,-0.0082761,0.939049
446,-0.658318,-0.180823,1.03841,0.589408,0.217561,-0.0503615,-0.0198795,-0.0437349,-0.0139157,-0.00662651,0.945567
447,-0.653282,-0.178835,1.04278,0.5908,0.218224,-0.0782921,-0.039945,-0.0719009,-0.0271626,-0.015978,0.914999
448,-0.645453,-0.174841,1.04997,0.593516,0.219822,-0.0558319,-0.0221798,-0.0481837,-0.0137668,-0.0076482,0.942176
449,-0.639869,-0.172623,1.05479,0.594893,0.220587,-0.0506566,-0.0189017,-0.043852,-0.0136092,-0.00756068,0.940267
450,-0.634804,-0.170733,1.05918,0.596254,0.221343,-0.0315635,-0.0157817,-0.0267413,-0.0109595,-0.00438382,0.956795
451,-0.631647,-0.169154,1.06185,0.59735,0.221781,-0.119471,-0.0588164,-0.0937387,-0.0367603,-0.0183801,0.918881
452,-0.6197,-0.163273,1.07122,0.601026,0.223619,-0.0533756,-0.0225178,-0.0442017,-0.0158459,-0.00833994,0.938017
453,-0.614363,-0.161021,1.07565,0.60261,0.224453,-0.0465514,-0.0205374,-0.0376519,-0.0143762,-0.0068458,0.944758
454,-0.609708,-0.158967,1.07941,0.604048,0.225138,-0.0264267,-0.0115906,-0.0231813,-0.00927251,-0.00463626,0.950715
455,-0.607065,-0.157808,1.08173,0.604975,0.225601,-0.0161112,-0.00777781,-0.0141667,-0.00666669,-0.00277779,0.961696
456,-0.605454,-0.15703,1.08315,0.605642,0.225879,-0.02835,-0.014175,-0.0234773,-0.0101883,-0.00442969,0.954972
457,-0.602619,-0.155613,1.08549,0.606661,0.226322,-0.033229,-0.0153364,-0.0281168,-0.00920187,-0.00511215,0.951499
458,-0.599296,-0.154079,1.0883,0.607581,0.226833,-0.00953898,-0.00470755,-0.00830015,-0.00272542,-0.00123883,0.975789
459,-0.598342,-0.153608,1.08913,0.607853,0.226957,-0.00377181,-0.0012736,-0.00337993,-0.00112664,-0.000489846,0.982334
460,-0.597965,-0.153481,1.08947,0.607966,0.227006,-0.0478591,-0.0175483,-0.0398826,-0.0119648,-0.00797651,0.937515
461,-0.593179,-0.151726,1.09346,0.609163,0.227804,-0.0173859,-0.00806304,-0.0143623,-0.00579531,-0.0025197,0.965414
462,-0.59144,-0.15092,1.0949,0.609742,0.228056,-0.0207553,-0.0103776,-0.0181609,-0.0074126,-0.0037063,0.957095
463,-0.589365,-0.149882,1.09671,0.610483,0.228426,-0.00667999,-0.00242909,-0.00581246,-0.00173506,-0.000867531,0.977953
464,-0.588697,-0.149639,1.09729,0.610657,0.228513,-0.0569133,-0.0243914,-0.0442659,-0.016261,-0.00903386,0.937552
465,-0.583006,-0.1472,1.10172,0.612283,0.229417,-0.0134446,-0.00662199,-0.011438,-0.00421399,-0.00200666,0.969077
466,-0.581661,-0.146538,1.10286,0.612704,0.229617,-0.0178137,-0.0079172,-0.0148448,-0.00445343,-0.00247413,0.966079
467,-0.57988,-0.145746,1.10435,0.61315,0.229865,-0.0521819,-0.023566,-0.0403989,-0.0151496,-0.00841643,0.939816
468,-0.574662,-0.14339,1.10839,0.614665,0.230706,-0.0356021,-0.0175092,-0.0285984,-0.0105055,-0.0058364,0.949209
469,-0.571101,-0.141639,1.11125,0.615715,0.23129,-0.00733251,-0.00320797,-0.00641594,-0.00240598,-0.0011457,0.97485
470,-0.570368,-0.141318,1.11189,0.615956,0.231405,-0.0239673,-0.00998636,-0.019307,-0.00532606,-0.00332879,0.960916
471,-0.567971,-0.140319,1.11382,0.616488,0.231737,-0.0101619,-0.00384504,-0.00837668,-0.00260913,-0.00137323,0.973151
472,-0.566955,-0.139935,1.11466,0.616749,0.231875,-0.0111227,-0.00535014,-0.00901076,-0.00281586,-0.00140793,0.975144
473,-0.565843,-0.1394,1.11556,0.617031,0.232016,-0.00571235,-0.00249915,-0.00499831,-0.00196362,-0.000892555,0.977598
474,-0.565272,-0.13915,1.11606,0.617227,0.232105,-0.0325433,-0.0144637,-0.0263445,-0.00774839,-0.0051656,0.951506
475,-0.562017,-0.137703,1.11869,0.618002,0.232621,-0.00879375,-0.00374816,-0.00807295,-0.00201824,-0.0014416,0.971805
476,-0.561138,-0.137329,1.1195,0.618204,0.232766,-0.00793079,-0.00308992,-0.00628283,-0.00236894,-0.00102997,0.976999
477,-0.560345,-0.13702,1.12013,0.618441,0.232869,-0.0040513,-0.00218642,-0.00360116,-0.00154335,-0.000643064,0.981666
478,-0.55994,-0.136801,1.12049,0.618595,0.232933,-0.0106469,-0.00515709,-0.00914968,-0.00299444,-0.00166358,0.971374
479,-0.558875,-0.136285,1.1214,0.618895,0.233099,-0.0272961,-0.0136481,-0.0218369,-0.00818884,-0.00454936,0.95485
480,-0.556145,-0.13492,1.12359,0.619714,0.233554,-0.0154142,-0.00692521,-0.0120633,-0.00469127,-0.00223394,0.967665
481,-0.554604,-0.134228,1.12479,0.620183,0.233777,0.33589,0.230512,0.092205,0.0131721,0.0658607,0.204827
482,-0.588193,-0.157279,1.11557,0.618865,0.227191,0.290184,0.177664,0.0829097,0.0118442,0.0592212,0.182446
483,-0.617211,-0.175046,1.10728,0.617681,0.221269,0.196508,0.133793,0.0543533,0.00836205,0.0418102,0.155625
484,-0.636862,-0.188425,1.10185,0.616845,0.217088,0.242964,0.163737,0.0792274,0.0105636,0.0528182,0.163805
485,-0.661159,-0.204798,1.09393,0.615788,0.211806,0.093205,0.0671076,0.0260974,0.0037282,0.018641,0.104439
486,-0.670479,-0.211509,1.09132,0.615416,0.209942,0.108147,0.078106,0.0340462,0.00801087,0.0200272,0.102524
487,-0.681294,-0.21932,1.08791,0.614615,0.20794,0.122083,0.0902356,0.0371558,0.00796197,0.0265399,0.119008
488,-0.693502,-0.228343,1.0842,0.613818,0.205286,0.0768426,0.052253,0.0230528,0.0030737,0.0153685,0.0909788
489,-0.701186,-0.233569,1.08189,0.613511,0.203749,0.125174,0.0825012,0.0398282,0.00568974,0.0284487,0.120688
490,-0.713704,-0.241819,1.07791,0.612942,0.200904,0.0657593,0.0416028,0.0201304,0.00134203,0.0134203,0.0841533
491,-0.72028,-0.245979,1.07589,0.612808,0.199562,0.0297698,0.0203978,0.00826938,0.00110258,0.00551292,0.0557565
492,-0.723257,-0.248019,1.07507,0.612698,0.199011,0.0758684,0.0537401,0.0252895,0.00316118,0.0158059,0.0900634
493,-0.730843,-0.253393,1.07254,0.612381,0.19743,0.0503326,0.0314579,0.0146803,0.0010486,0.010486,0.0748099
494,-0.735877,-0.256539,1.07107,0.612277,0.196381,0.0458886,0.0320153,0.0117389,0.00106718,0.0106718,0.0781554
495,-0.740466,-0.25974,1.0699,0.61217,0.195314,0.00619474,0.00427223,0.00128167,0.000213612,0.00106806,0.0258804
496,-0.741085,-0.260167,1.06977,0.612148,0.195207,0.013288,0.0102574,0.00349683,0.000932489,0.00233122,0.0368953
497,-0.742414,-0.261193,1.06942,0.612055,0.194974,0.0159885,0.0115472,0.00384908,0.00118433,0.00296083,0.04141
498,-0.744013,-0.262348,1.06903,0.611937,0.194678,0.0294848,0.0202347,0.00809386,0.0017344,0.00578133,0.055967
499,-0.746961,-0.264371,1.06822,0.611763,0.1941,0.0214925,0.0143284,0.00641006,0.00113119,0.00377062,0.0442846
500,-0.74911,-0.265804,1.06758,0.61165,0.193723,0.028729,0.0214059,0.00844971,0.00168994,0.00563314,0.0552242
501,-0.751983,-0.267945,1.06674,0.611481,0.19316,0.0309322,0.0194758,0.0097379,0.00114564,0.00572818,0.05356
502,-0.755077,-0.269892,1.06576,0.611367,0.192587,0.0308138,0.0223551,0.00906289,0.00241677,0.00604193,0.0564621
503,-0.758158,-0.272128,1.06486,0.611125,0.191983,0.0167263,0.0130901,0.00363614,0.000727229,0.00363614,0.0470851
504,-0.759831,-0.273437,1.06449,0.611052,0.191619,0.05713,0.0369665,0.0190433,0.00560098,0.011202,0.0724774
505,-0.765544,-0.277134,1.06259,0.610492,0.190499,0.0743037,0.0526318,0.0294119,0.00309599,0.0154799,0.0848128
506,-0.772974,-0.282397,1.05965,0.610183,0.188951,0.0367818,0.0220691,0.0117702,0.00147127,0.00735636,0.0603555
507,-0.776652,-0.284604,1.05847,0.610035,0.188215,0.035504,0.0241427,0.0113613,0.00284032,0.0071008,0.059718
508,-0.780203,-0.287018,1.05734,0.609751,0.187505,0.0163356,0.0109951,0.00471219,0.000628292,0.00314146,0.0411331
509,-0.781836,-0.288117,1.05686,0.609689,0.187191,0.0137816,0.00901107,0.00371044,0.000530063,0.00265032,0.0380653
510,-0.783214,-0.289019,1.05649,0.609636,0.186926,0.0413253,0.0281364,0.0140682,0.00175852,0.00879262,0.066454
511,-0.787347,-0.291832,1.05509,0.60946,0.186047,0.0364649,0.0235502,0.012155,0.00151937,0.00759685,0.0615736
512,-0.790993,-0.294187,1.05387,0.609308,0.185287,0.0141671,0.00892004,0.00393531,0.00104942,0.00262354,0.0369451
513,-0.79241,-0.295079,1.05348,0.609203,0.185025,0.00860453,0.00678434,0.00248208,0.000165472,0.00165472,0.0309913
514,-0.79327,-0.295758,1.05323,0.609186,0.184859,0.00491813,0.00375567,0.00125189,0.000178841,0.000894206,0.0230864
515,-0.793762,-0.296133,1.0531,0.609168,0.18477,0.0217062,0.0137325,0.00664476,0.000442984,0.00442984,0.047964
516,-0.795933,-0.297506,1.05244,0.609124,0.184327,0.0108369,0.0069356,0.00260085,0.000433475,0.00216738,0.034864
517,-0.797017,-0.2982,1.05218,0.609081,0.18411,0.00563555,0.00358626,0.00133204,0.000204929,0.00102465,0.0240784
518,-0.79758,-0.298559,1.05205,0.60906,0.184008,0.0205839,0.0130225,0.00630119,0.000420079,0.00420079,0.0466436
519,-0.799639,-0.299861,1.05142,0.609018,0.183588,0.0300938,0.0205185,0.00889136,0.0013679,0.00683951,0.0602206
520,-0.802648,-0.301913,1.05053,0.608881,0.182904,0.013954,0.00930269,0.00410413,0.000547217,0.00273609,0.0379822
521,-0.804043,-0.302843,1.05012,0.608827,0.18263,-0.173773,-0.0910241,-0.165498,-0.0689576,-0.0275831,0.877915
522,-0.786666,-0.293741,1.06667,0.615723,0.185388,-0.344323,-0.160288,-0.302767,-0.112795,-0.059366,0.859099
523,-0.752234,-0.277712,1.09694,0.627002,0.191325,-0.24289,-0.102629,-0.201838,-0.0718406,-0.0342098,0.893141
524,-0.727945,-0.267449,1.11713,0.634186,0.194746,-0.10714,-0.0493183,-0.0952354,-0.0306114,-0.0170063,0.912912
525,-0.717231,-0.262517,1.12665,0.637247,0.196447,-0.0497786,-0.0229747,-0.0444178,-0.0168481,-0.00765825,0.937935
526,-0.712253,-0.260219,1.13109,0.638932,0.197212,-0.0461977,-0.0182359,-0.040119,-0.0127651,-0.00607864,0.94479
527,-0.707633,-0.258396,1.1351,0.640209,0.19782,-0.0764538,-0.039007,-0.0702126,-0.0265248,-0.0156028,0.913241
528,-0.699988,-0.254495,1.14213,0.642861,0.19938,-0.0538629,-0.0213976,-0.0464844,-0.0132813,-0.00737848,0.940751
529,-0.694601,-0.252355,1.14677,0.644189,0.200118,-0.0474801,-0.0177165,-0.0411022,-0.0127558,-0.00708658,0.940353
530,-0.689853,-0.250584,1.15088,0.645465,0.200827,-0.0328714,-0.0164357,-0.0278494,-0.0114137,-0.00456548,0.954158
531,-0.686566,-0.24894,1.15367,0.646606,0.201284,-0.133546,-0.0657457,-0.104782,-0.041091,-0.0205455,0.912007
532,-0.673212,-0.242366,1.16415,0.650715,0.203338,-0.052367,-0.0220923,-0.0433664,-0.0155465,-0.00818234,0.937242
533,-0.667975,-0.240156,1.16848,0.65227,0.204156,-0.0471791,-0.0208143,-0.0381596,-0.01457,-0.0069381,0.943079
534,-0.663257,-0.238075,1.1723,0.653727,0.20485,-0.0245135,-0.0107515,-0.0215031,-0.00860123,-0.00430061,0.952093
535,-0.660806,-0.237,1.17445,0.654587,0.20528,-0.0149902,-0.00723663,-0.013181,-0.00620283,-0.00258451,0.96275
536,-0.659307,-0.236276,1.17577,0.655207,0.205539,-0.0290784,-0.0145392,-0.0240805,-0.01045,-0.00454349,0.953471
537,-0.656399,-0.234822,1.17818,0.656252,0.205993,-0.0337538,-0.0155787,-0.0285609,-0.00934722,-0.0051929,0.950192
538,-0.653024,-0.233264,1.18103,0.657187,0.206512,-0.00962218,-0.00474861,-0.00837255,-0.00274919,-0.00124963,0.975168
539,-0.652061,-0.23279,1.18187,0.657462,0.206637,-0.00301733,-0.00101884,-0.00270384,-0.00090128,-0.000391861,0.984316
540,-0.65176,-0.232688,1.18214,0.657552,0.206676,-0.0461308,-0.0169146,-0.0384423,-0.0115327,-0.00768847,0.937963
541,-0.647146,-0.230996,1.18598,0.658705,0.207445,-0.0175532,-0.00814063,-0.0145005,-0.00585107,-0.00254395,0.964685
542,-0.645391,-0.230182,1.18743,0.65929,0.2077,-0.0204429,-0.0102214,-0.0178875,-0.00730103,-0.00365051,0.957023
543,-0.643347,-0.22916,1.18922,0.660021,0.208065,-0.00593616,-0.0021586,-0.00516523,-0.00154186,-0.00077093,0.979158
544,-0.642753,-0.228944,1.18974,0.660175,0.208142,-0.0603648,-0.0258706,-0.0469504,-0.0172471,-0.00958171,0.934599
545,-0.636717,-0.226357,1.19444,0.661899,0.2091,-0.01367,-0.00673298,-0.0116297,-0.00428462,-0.0020403,0.968383
546,-0.63535,-0.225684,1.1956,0.662328,0.209304,-0.0183062,-0.0081361,-0.0152552,-0.00457656,-0.00254253,0.965045
547,-0.633519,-0.22487,1.19712,0.662786,0.209558,-0.0560412,-0.0253089,-0.0433867,-0.01627,-0.0090389,0.936611
548,-0.627915,-0.222339,1.20146,0.664413,0.210462,-0.0380503,-0.0187133,-0.030565,-0.011228,-0.00623775,0.94665
549,-0.62411,-0.220468,1.20452,0.665535,0.211086,-0.00670019,-0.00293133,-0.00586267,-0.0021985,-0.0010469,0.976001
550,-0.62344,-0.220175,1.20511,0.665755,0.211191,-0.0248164,-0.0103402,-0.019991,-0.00551475,-0.00344672,0.959609
551,-0.620958,-0.219141,1.2071,0.666307,0.211535,-0.00958024,-0.00362496,-0.00789723,-0.00245979,-0.00129463,0.97381
552,-0.62,-0.218778,1.20789,0.666553,0.211665,-0.0120685,-0.00580512,-0.00977705,-0.00305533,-0.00152766,0.973552
553,-0.618793,-0.218198,1.20887,0.666858,0.211818,-0.00516037,-0.00225766,-0.00451533,-0.00177388,-0.000806309,0.978805
554,-0.618277,-0.217972,1.20932,0.667036,0.211898,-0.0340446,-0.0151309,-0.0275599,-0.00810585,-0.0054039,0.949726
555,-0.614873,-0.216459,1.21208,0.667846,0.212439,-0.0080601,-0.00343545,-0.00739943,-0.00184986,-0.00132133,0.973077
556,-0.614067,-0.216115,1.21282,0.668031,0.212571,-0.00763419,-0.00297436,-0.00604787,-0.00228034,-0.000991453,0.977298
557,-0.613304,-0.215818,1.21342,0.668259,0.21267,-0.00389468,-0.00210189,-0.00346194,-0.00148369,-0.000618204,0.982006
558,-0.612914,-0.215608,1.21377,0.668408,0.212732,-0.0106639,-0.00516534,-0.00916431,-0.00299923,-0.00166624,0.971127
559,-0.611848,-0.215091,1.21469,0.668707,0.212898,-0.0292329,-0.0146164,-0.0233863,-0.00876987,-0.00487215,0.952603
560,-0.608924,-0.21363,1.21703,0.669584,0.213386,-0.0159816,-0.00718014,-0.0125073,-0.00486396,-0.00231617,0.966663
561,-0.607326,-0.212912,1.21828,0.670071,0.213617,0.179106,0.122916,0.0491664,0.00702377,0.0351188,0.162807
562,-0.625237,-0.225203,1.21336,0.669369,0.210105,0.198744,0.12168,0.0567841,0.00811202,0.0405601,0.160506
563,-0.645111,-0.237371,1.20768,0.668557,0.206049,0.142514,0.0970308,0.0394188,0.00606442,0.0303221,0.139032
564,-0.659363,-0.247074,1.20374,0.667951,0.203017,0.198272,0.133618,0.0646538,0.00862051,0.0431026,0.154419
565,-0.67919,-0.260436,1.19727,0.667089,0.198707,0.0722473,0.052018,0.0202292,0.00288989,0.0144495,0.0950944
566,-0.686415,-0.265638,1.19525,0.6668,0.197262,0.0893271,0.064514,0.0281215,0.00661682,0.016542,0.0969923
567,-0.695347,-0.272089,1.19244,0.666138,0.195608,0.104481,0.0772249,0.0317985,0.00681396,0.0227132,0.113129
568,-0.705795,-0.279812,1.18926,0.665457,0.193336,0.0668336,0.0454468,0.0200501,0.00267334,0.0133667,0.0870039
569,-0.712479,-0.284356,1.18725,0.665189,0.192,0.11524,0.0759537,0.0366673,0.00523819,0.0261909,0.11826
570,-0.724003,-0.291952,1.18359,0.664666,0.189381,0.0598626,0.0378723,0.0183253,0.00122169,0.0122169,0.0818689
571,-0.729989,-0.295739,1.18175,0.664543,0.188159,0.0257433,0.0176389,0.00715092,0.000953456,0.00476728,0.0526948
572,-0.732563,-0.297503,1.18104,0.664448,0.187682,0.0702802,0.0497818,0.0234267,0.00292834,0.0146417,0.0883768
573,-0.739591,-0.302481,1.1787,0.664155,0.186218,0.0463229,0.0289518,0.0135108,0.00096506,0.0096506,0.0727822
574,-0.744224,-0.305376,1.17735,0.664059,0.185253,0.0404099,0.0281929,0.0103374,0.000939765,0.00939765,0.073795
575,-0.748265,-0.308196,1.17631,0.663965,0.184313,0.00498854,0.00344037,0.00103211,0.000172019,0.000860093,0.0232573
576,-0.748763,-0.30854,1.17621,0.663948,0.184227,0.011259,0.00869116,0.0029629,0.000790105,0.00197526,0.0343207
577,-0.749889,-0.309409,1.17591,0.663869,0.18403,0.0137438,0.00992605,0.00330868,0.00101806,0.00254514,0.0387305
578,-0.751264,-0.310401,1.17558,0.663767,0.183775,0.026829,0.0184121,0.00736483,0.00157818,0.00526059,0.0540818
579,-0.753947,-0.312243,1.17484,0.663609,0.183249,0.0201027,0.0134018,0.00599553,0.00105803,0.00352678,0.0436102
580,-0.755957,-0.313583,1.17425,0.663503,0.182896,0.0261192,0.0194614,0.00768212,0.00153642,0.00512141,0.0533228
581,-0.758569,-0.315529,1.17348,0.663349,0.182384,0.0300205,0.0189018,0.00945089,0.00111187,0.00555935,0.0537386
582,-0.761571,-0.317419,1.17253,0.663238,0.181828,0.0286966,0.0208191,0.00844018,0.00225071,0.00562679,0.0552131
583,-0.764441,-0.319501,1.17169,0.663013,0.181266,0.0140512,0.0109966,0.00305461,0.000610921,0.00305461,0.0430549
584,-0.765846,-0.320601,1.17138,0.662952,0.18096,0.0582175,0.0376701,0.0194058,0.0057076,0.0114152,0.0746982
585,-0.771667,-0.324368,1.16944,0.662381,0.179819,0.0759492,0.0537974,0.0300632,0.00316455,0.0158228,0.087376
586,-0.779262,-0.329747,1.16644,0.662065,0.178236,0.0365841,0.0219505,0.0117069,0.00146337,0.00731683,0.0610371
587,-0.782921,-0.331942,1.16526,0.661919,0.177505,0.0347774,0.0236486,0.0111288,0.00278219,0.00695547,0.0598763
588,-0.786398,-0.334307,1.16415,0.66164,0.176809,0.0152138,0.0102401,0.0043886,0.000585147,0.00292573,0.0399433
589,-0.78792,-0.335331,1.16371,0.661582,0.176517,0.0127085,0.00830939,0.00342151,0.000488788,0.00244394,0.0367055
590,-0.789191,-0.336162,1.16337,0.661533,0.176272,0.0407201,0.0277244,0.0138622,0.00173277,0.00866386,0.0667129
591,-0.793263,-0.338935,1.16198,0.66136,0.175406,0.0362256,0.0233957,0.0120752,0.0015094,0.007547,0.0620704
592,-0.796885,-0.341274,1.16078,0.661209,0.174651,0.0136047,0.0085659,0.00377907,0.00100775,0.00251938,0.0364965
593,-0.798246,-0.342131,1.1604,0.661108,0.174399,0.00754931,0.00595234,0.00217769,0.000145179,0.00145179,0.028973
594,-0.799001,-0.342726,1.16018,0.661093,0.174254,0.00421762,0.00322073,0.00107358,0.000153368,0.00076684,0.0212795
595,-0.799422,-0.343048,1.16007,0.661078,0.174177,0.0209882,0.0132783,0.00642497,0.000428331,0.00428331,0.0474963
596,-0.801521,-0.344376,1.15943,0.661035,0.173749,0.00985888,0.00630968,0.00236613,0.000394355,0.00197178,0.0332212
597,-0.802507,-0.345007,1.1592,0.660996,0.173552,0.00506636,0.00322405,0.0011975,0.000184231,0.000921157,0.0227948
598,-0.803014,-0.345329,1.15908,0.660977,0.17346,0.0199644,0.0126305,0.00611154,0.000407436,0.00407436,0.0462569
599,-0.80501,-0.346592,1.15846,0.660937,0.173052,0.0287639,0.0196117,0.00849842,0.00130745,0.00653724,0.0591324
600,-0.807887,-0.348554,1.15761,0.660806,0.172398,0.013316,0.00887734,0.00391647,0.000522196,0.00261098,0.0373012
601,-0.809218,-0.349441,1.15722,0.660754,0.172137,-0.0651161,-0.0341084,-0.0620153,-0.0258397,-0.0103359,0.900192
602,-0.802707,-0.34603,1.16342,0.663338,0.173171,-0.20767,-0.0966738,-0.182606,-0.0680297,-0.0358051,0.865793
603,-0.78194,-0.336363,1.18168,0.670141,0.176751,-0.179148,-0.0756963,-0.148869,-0.0529874,-0.0252321,0.895373
604,-0.764025,-0.328793,1.19657,0.675439,0.179275,-0.0904341,-0.0416284,-0.0803859,-0.0258383,-0.0143546,0.914736
605,-0.754981,-0.324631,1.20461,0.678023,0.18071,-0.0419338,-0.0193541,-0.0374178,-0.014193,-0.00645135,0.940077
606,-0.750788,-0.322695,1.20835,0.679443,0.181355,-0.0385259,-0.0152076,-0.0334567,-0.0106453,-0.0050692,0.946887
607,-0.746935,-0.321174,1.2117,0.680507,0.181862,-0.0704066,-0.0359218,-0.0646592,-0.0244268,-0.0143687,0.914169
608,-0.739895,-0.317582,1.21816,0.68295,0.183299,-0.0482254,-0.019158,-0.0416192,-0.0118912,-0.00660622,0.941691
609,-0.735072,-0.315666,1.22233,0.684139,0.18396,-0.0422167,-0.0157525,-0.0365458,-0.0113418,-0.006301,0.942096
610,-0.730851,-0.314091,1.22598,0.685273,0.18459,-0.0318183,-0.0159091,-0.0269572,-0.011048,-0.00441921,0.953279
611,-0.727669,-0.3125,1.22868,0.686378,0.185032,-0.139193,-0.0685259,-0.109213,-0.0428287,-0.0214144,0.908085
612,-0.713749,-0.305648,1.2396,0.690661,0.187173,-0.0496697,-0.0209544,-0.0411327,-0.0147457,-0.00776089,0.937788
613,-0.708782,-0.303552,1.24371,0.692135,0.187949,-0.0460283,-0.0203066,-0.0372288,-0.0142146,-0.00676887,0.942727
614,-0.70418,-0.301522,1.24743,0.693557,0.188626,-0.0224514,-0.0098471,-0.0196942,-0.00787768,-0.00393884,0.953806
615,-0.701934,-0.300537,1.2494,0.694345,0.18902,-0.0137674,-0.00664631,-0.0121058,-0.00569684,-0.00237368,0.964046
616,-0.700558,-0.299872,1.25061,0.694914,0.189257,-0.0288524,-0.0144262,-0.0238934,-0.0103688,-0.00450819,0.952904
617,-0.697673,-0.29843,1.253,0.695951,0.189708,-0.0332833,-0.0153615,-0.0281628,-0.0092169,-0.0051205,0.949821
618,-0.694344,-0.296893,1.25582,0.696873,0.19022,-0.00940026,-0.00463909,-0.00817944,-0.00268579,-0.00122081,0.975062
619,-0.693404,-0.29643,1.25664,0.697141,0.190342,-0.00244625,-0.000826008,-0.0021921,-0.000730699,-0.000317695,0.985968
620,-0.69316,-0.296347,1.25686,0.697214,0.190374,-0.0438255,-0.0160693,-0.0365212,-0.0109564,-0.00730425,0.939024
621,-0.688777,-0.29474,1.26051,0.69831,0.191105,-0.0172797,-0.00801376,-0.0142745,-0.00575989,-0.0025043,0.96452
622,-0.687049,-0.293939,1.26194,0.698886,0.191355,-0.0198366,-0.00991831,-0.017357,-0.00708451,-0.00354225,0.957341
623,-0.685065,-0.292947,1.26367,0.699594,0.191709,-0.00526516,-0.0019146,-0.00458137,-0.00136757,-0.000683786,0.980344
624,-0.684539,-0.292755,1.26413,0.699731,0.191778,-0.0621329,-0.0266284,-0.0483256,-0.0177523,-0.00986236,0.932816
625,-0.678326,-0.290092,1.26896,0.701506,0.192764,-0.0136041,-0.00670055,-0.0115737,-0.00426399,-0.00203047,0.968124
626,-0.676965,-0.289422,1.27012,0.701933,0.192967,-0.0183587,-0.00815942,-0.0152989,-0.00458967,-0.00254982,0.964579
627,-0.675129,-0.288606,1.27165,0.702392,0.193222,-0.0584746,-0.0264079,-0.0452707,-0.0169765,-0.00943139,0.93449
628,-0.669282,-0.285966,1.27618,0.704089,0.194165,-0.0396093,-0.01948,-0.0318173,-0.011688,-0.00649333,0.944941
629,-0.665321,-0.284018,1.27936,0.705258,0.194814,-0.0061475,-0.00268953,-0.00537907,-0.00201715,-0.000960547,0.977053
630,-0.664706,-0.283749,1.2799,0.70546,0.19491,-0.0251344,-0.0104727,-0.0202472,-0.00558543,-0.0034909,0.958929
631,-0.662193,-0.282701,1.28192,0.706019,0.195259,-0.00900035,-0.00340554,-0.00741921,-0.0023109,-0.00121626,0.974561
632,-0.661293,-0.282361,1.28266,0.70625,0.195381,-0.0126892,-0.00610369,-0.0102799,-0.00321247,-0.00160623,0.972473
633,-0.660024,-0.281751,1.28369,0.706571,0.195542,-0.00469905,-0.00205583,-0.00411167,-0.0016153,-0.000734227,0.979852
634,-0.659554,-0.281545,1.2841,0.706732,0.195615,-0.0348945,-0.0155087,-0.0282479,-0.00830821,-0.00553881,0.948633
635,-0.656064,-0.279994,1.28693,0.707563,0.196169,-0.00743425,-0.0031687,-0.00682489,-0.00170622,-0.00121873,0.974216
636,-0.655321,-0.279677,1.28761,0.707734,0.196291,-0.00730337,-0.00284547,-0.00578579,-0.00218153,-0.00094849,0.977723
637,-0.654591,-0.279393,1.28819,0.707952,0.196386,-0.00373575,-0.00201612,-0.00332067,-0.00142314,-0.000592977,0.982357
638,-0.654217,-0.279191,1.28852,0.708094,0.196445,-0.0105659,-0.00511788,-0.00908011,-0.00297167,-0.00165093,0.971104
639,-0.65316,-0.278679,1.28943,0.708391,0.19661,-0.030599,-0.0152995,-0.0244792,-0.0091797,-0.00509984,0.951011
640,-0.650101,-0.277149,1.29188,0.709309,0.19712,-0.0162774,-0.00731304,-0.0127388,-0.00495399,-0.00235904,0.966068
641,-0.648473,-0.276418,1.29315,0.709805,0.197356,0.103727,0.0711853,0.0284741,0.00406773,0.0203387,0.126282
642,-0.658846,-0.283537,1.2903,0.709398,0.195322,0.136306,0.0834526,0.0389445,0.0055635,0.0278175,0.136739
643,-0.672476,-0.291882,1.28641,0.708842,0.19254,0.101689,0.0692354,0.0281269,0.00432721,0.0216361,0.12045
644,-0.682645,-0.298805,1.2836,0.708409,0.190377,0.15662,0.105548,0.0510717,0.00680956,0.0340478,0.141415
645,-0.698307,-0.30936,1.27849,0.707728,0.186972,0.0544343,0.0391927,0.0152416,0.00217737,0.0108869,0.0843703
646,-0.70375,-0.313279,1.27696,0.70751,0.185883,0.0706482,0.0510237,0.0222411,0.0052332,0.013083,0.0889264
647,-0.710815,-0.318382,1.27474,0.706987,0.184575,0.0865754,0.0639905,0.026349,0.00564622,0.0188207,0.105262
648,-0.719473,-0.324781,1.2721,0.706422,0.182693,0.0561294,0.038168,0.0168388,0.00224518,0.0112259,0.0814141
649,-0.725086,-0.328598,1.27042,0.706198,0.18157,0.102782,0.067743,0.0327035,0.00467193,0.0233596,0.113756
650,-0.735364,-0.335372,1.26715,0.705731,0.179234,0.052822,0.033418,0.01617,0.001078,0.01078,0.0782408
651,-0.740646,-0.338714,1.26553,0.705623,0.178156,0.021675,0.0148514,0.00602083,0.000802778,0.00401389,0.049057
652,-0.742814,-0.340199,1.26493,0.705543,0.177755,0.0631159,0.0447071,0.0210386,0.00262983,0.0131491,0.0852151
653,-0.749125,-0.34467,1.26283,0.70528,0.17644,0.041591,0.0259944,0.0121307,0.000866479,0.00866479,0.0698848
654,-0.753284,-0.347269,1.26161,0.705193,0.175574,0.0351636,0.0245328,0.00899534,0.000817758,0.00817758,0.0693013
655,-0.756801,-0.349722,1.26072,0.705111,0.174756,0.00398564,0.00274872,0.000824615,0.000137436,0.000687179,0.0208666
656,-0.757199,-0.349997,1.26063,0.705097,0.174687,0.00935725,0.00722314,0.00246243,0.000656649,0.00164162,0.0316051
657,-0.758135,-0.35072,1.26039,0.705032,0.174523,0.0116132,0.00838731,0.00279577,0.000860237,0.00215059,0.035921
658,-0.759296,-0.351558,1.26011,0.704946,0.174308,0.0238476,0.016366,0.00654639,0.0014028,0.004676,0.0516192
659,-0.761681,-0.353195,1.25945,0.704805,0.17384,0.0182042,0.0121361,0.00542932,0.000958116,0.00319372,0.0421925
660,-0.763502,-0.354408,1.25891,0.70471,0.173521,0.0232204,0.0173015,0.00682954,0.00136591,0.00455303,0.050878
661,-0.765824,-0.356139,1.25823,0.704573,0.173066,0.0281871,0.0177474,0.0088737,0.00104397,0.00521983,0.0529538
662,-0.768642,-0.357913,1.25734,0.704469,0.172544,0.026103,0.0189375,0.00767736,0.0020473,0.00511824,0.0533125
663,-0.771253,-0.359807,1.25657,0.704264,0.172032,0.0118015,0.00923595,0.00256554,0.000513108,0.00256554,0.0394634
664,-0.772433,-0.360731,1.25631,0.704213,0.171775,0.0571795,0.0369985,0.0190598,0.00560583,0.0112117,0.0753789
665,-0.778151,-0.364431,1.25441,0.703652,0.170654,0.0750649,0.053171,0.0297132,0.0031277,0.0156385,0.0882877
666,-0.785657,-0.369748,1.25144,0.703339,0.16909,0.0354819,0.0212891,0.0113542,0.00141928,0.00709638,0.0608754
667,-0.789205,-0.371877,1.2503,0.703197,0.168381,0.0333064,0.0226484,0.0106581,0.00266451,0.00666128,0.0592714
668,-0.792536,-0.374141,1.24924,0.702931,0.167714,0.0139882,0.00941517,0.00403507,0.00053801,0.00269005,0.0385517
669,-0.793935,-0.375083,1.24883,0.702877,0.167445,0.0116015,0.00758557,0.00312347,0.00044621,0.00223105,0.0352486
670,-0.795095,-0.375841,1.24852,0.702832,0.167222,0.0393337,0.0267804,0.0133902,0.00167377,0.00836887,0.0662315
671,-0.799028,-0.378519,1.24718,0.702665,0.166385,0.0352655,0.0227756,0.0117552,0.0014694,0.00734698,0.0618694
672,-0.802555,-0.380797,1.24601,0.702518,0.165651,0.0128626,0.00809869,0.00357295,0.000952787,0.00238197,0.0357662
673,-0.803841,-0.381607,1.24565,0.702423,0.165413,0.00662588,0.00522426,0.00191131,0.000127421,0.00127421,0.027137
674,-0.804504,-0.382129,1.24546,0.70241,0.165285,0.00363103,0.00277278,0.000924261,0.000132037,0.000660186,0.0197022
675,-0.804867,-0.382407,1.24536,0.702397,0.165219,0.0200133,0.0126615,0.00612653,0.000408435,0.00408435,0.0467074
676,-0.806868,-0.383673,1.24475,0.702356,0.164811,0.00894924,0.00572751,0.00214782,0.000357969,0.00178985,0.0316832
677,-0.807763,-0.384246,1.24454,0.70232,0.164632,0.00454606,0.00289295,0.00107452,0.000165311,0.000826557,0.0216095
678,-0.808218,-0.384535,1.24443,0.702304,0.164549,0.0190992,0.0120831,0.00584668,0.000389779,0.00389779,0.0455578
679,-0.810128,-0.385743,1.24385,0.702265,0.164159,0.0272507,0.01858,0.00805135,0.00123867,0.00619335,0.0578177
680,-0.812853,-0.387601,1.24304,0.702141,0.16354,0.0125687,0.00837912,0.00369667,0.000492889,0.00246445,0.0364392
681,-0.81411,-0.388439,1.24267,0.702092,0.163293,-0.028871,-0.0151229,-0.0274962,-0.0114567,-0.0045827,0.9317
682,-0.811222,-0.386927,1.24542,0.703237,0.163752,-0.122642,-0.057092,-0.10784,-0.0401758,-0.0211452,0.884237
683,-0.798958,-0.381218,1.2562,0.707255,0.165866,-0.117503,-0.049649,-0.097643,-0.0347543,-0.0165497,0.904349
684,-0.787208,-0.376253,1.26597,0.71073,0.167521,-0.0687226,-0.0316342,-0.0610868,-0.019635,-0.0109084,0.9205
685,-0.780336,-0.373089,1.27208,0.712694,0.168612,-0.0321151,-0.0148223,-0.0286565,-0.0108697,-0.00494078,0.94461
686,-0.777124,-0.371607,1.27494,0.713781,0.169106,-0.0290323,-0.0114601,-0.0252122,-0.00802208,-0.00382004,0.951103
687,-0.774221,-0.370461,1.27746,0.714583,0.169488,-0.0607519,-0.0309958,-0.0557925,-0.0210772,-0.0123983,0.91733
688,-0.768146,-0.367361,1.28304,0.716691,0.170728,-0.0396958,-0.0157696,-0.0342581,-0.00978802,-0.00543779,0.944517
689,-0.764176,-0.365784,1.28647,0.71767,0.171272,-0.0351795,-0.0131267,-0.0304539,-0.0094512,-0.00525067,0.945155
690,-0.760658,-0.364472,1.28951,0.718615,0.171797,-0.0283462,-0.0141731,-0.0240156,-0.00984244,-0.00393698,0.953985
691,-0.757824,-0.363054,1.29192,0.719599,0.172191,-0.134985,-0.066454,-0.105911,-0.0415337,-0.0207669,0.906616
692,-0.744325,-0.356409,1.30251,0.723752,0.174267,-0.0453157,-0.0191176,-0.0375271,-0.0134531,-0.00708058,0.939282
693,-0.739794,-0.354497,1.30626,0.725098,0.174975,-0.0430608,-0.0189974,-0.0348286,-0.0132982,-0.00633247,0.943374
694,-0.735488,-0.352598,1.30974,0.726427,0.175609,-0.020142,-0.00883422,-0.0176684,-0.00706738,-0.00353369,0.955738
695,-0.733473,-0.351714,1.31151,0.727134,0.175962,-0.0123757,-0.00597447,-0.0108821,-0.00512098,-0.00213374,0.965521
696,-0.732236,-0.351117,1.3126,0.727646,0.176175,-0.0275959,-0.0137979,-0.0228528,-0.00991727,-0.00431185,0.953079
697,-0.729476,-0.349737,1.31488,0.728638,0.176606,-0.031757,-0.0146571,-0.0268713,-0.00879424,-0.00488569,0.950154
698,-0.7263,-0.348271,1.31757,0.729517,0.177095,-0.00885327,-0.00436915,-0.00770349,-0.00252951,-0.00114978,0.975347
699,-0.725415,-0.347834,1.31834,0.72977,0.17721,-0.00198056,-0.00066876,-0.00177478,-0.000591595,-0.000257215,0.987363
700,-0.725217,-0.347767,1.31852,0.729829,0.177236,-0.0408568,-0.0149808,-0.0340473,-0.0102142,-0.00680946,0.940477
701,-0.721131,-0.346269,1.32192,0.730851,0.177917,-0.0165253,-0.00766393,-0.0136514,-0.00550845,-0.00239498,0.96479
702,-0.719479,-0.345503,1.32329,0.731402,0.178156,-0.0188774,-0.00943868,-0.0165177,-0.00674191,-0.00337096,0.957964
703,-0.717591,-0.344559,1.32494,0.732076,0.178493,-0.00461908,-0.00167967,-0.0040192,-0.00119976,-0.000599881,0.981481
704,-0.717129,-0.344391,1.32534,0.732196,0.178553,-0.0620871,-0.0266088,-0.04829,-0.0177392,-0.0098551,0.931928
705,-0.710921,-0.34173,1.33017,0.73397,0.179539,-0.0132201,-0.00651139,-0.0112469,-0.00414361,-0.00197315,0.968199
706,-0.709599,-0.341079,1.3313,0.734384,0.179736,-0.0179476,-0.0079767,-0.0149563,-0.00448689,-0.00249272,0.96453
707,-0.707804,-0.340281,1.33279,0.734833,0.179985,-0.0593832,-0.0268182,-0.0459741,-0.0172403,-0.00957793,0.9332
708,-0.701865,-0.3376,1.33739,0.736557,0.180943,-0.0402283,-0.0197844,-0.0323145,-0.0118706,-0.0065948,0.943886
709,-0.697843,-0.335621,1.34062,0.737744,0.181603,-0.00563003,-0.00246314,-0.00492628,-0.00184735,-0.000879692,0.978015
710,-0.69728,-0.335375,1.34111,0.737929,0.181691,-0.0249294,-0.0103872,-0.020082,-0.00553986,-0.00346241,0.958677
711,-0.694787,-0.334336,1.34312,0.738483,0.182037,-0.00839726,-0.00317734,-0.00692207,-0.00215605,-0.00113477,0.975333
712,-0.693947,-0.334018,1.34381,0.738698,0.18215,-0.0129651,-0.00623639,-0.0105034,-0.00328231,-0.00164115,0.97179
713,-0.69265,-0.333395,1.34486,0.739027,0.182314,-0.00428618,-0.0018752,-0.0037504,-0.00147337,-0.000669715,0.980771
714,-0.692222,-0.333207,1.34524,0.739174,0.182381,-0.0351029,-0.0156013,-0.0284166,-0.00835782,-0.00557188,0.948027
715,-0.688712,-0.331647,1.34808,0.74001,0.182939,-0.00686692,-0.00292688,-0.00630406,-0.00157601,-0.00112572,0.975232
716,-0.688025,-0.331354,1.34871,0.740167,0.183051,-0.00692868,-0.00269949,-0.00548895,-0.00206961,-0.000899828,0.978206
717,-0.687332,-0.331084,1.34926,0.740374,0.183141,-0.00356129,-0.00192197,-0.00316559,-0.00135668,-0.000565285,0.98272
718,-0.686976,-0.330892,1.34958,0.74051,0.183198,-0.0103464,-0.00501153,-0.00889143,-0.00290992,-0.00161662,0.971236
719,-0.685941,-0.330391,1.35046,0.740801,0.183359,-0.0313849,-0.0156925,-0.0251079,-0.00941548,-0.00523082,0.949924
720,-0.682803,-0.328822,1.35298,0.741742,0.183882,-0.0163089,-0.00732719,-0.0127635,-0.00496358,-0.00236361,0.965763
721,-0.681172,-0.328089,1.35425,0.742239,0.184119,0.065401,0.044883,0.0179532,0.00256474,0.0128237,0.0989572
722,-0.687712,-0.332577,1.35246,0.741982,0.182836,0.0967027,0.0592057,0.0276293,0.00394705,0.0197352,0.115526
723,-0.697382,-0.338498,1.34969,0.741588,0.180863,0.0737949,0.0502433,0.0204114,0.00314021,0.015701,0.103042
724,-0.704762,-0.343522,1.34765,0.741274,0.179293,0.123372,0.0831421,0.0402301,0.00536401,0.02682,0.127307
725,-0.717099,-0.351837,1.34363,0.740737,0.176611,0.0409465,0.0294815,0.011465,0.00163786,0.00818929,0.0736844
726,-0.721194,-0.354785,1.34248,0.740573,0.175792,0.0550519,0.0397597,0.0173312,0.00407792,0.0101948,0.0797562
727,-0.726699,-0.358761,1.34075,0.740166,0.174772,0.0707936,0.0523257,0.0215459,0.00461697,0.0153899,0.0963667
728,-0.733778,-0.363993,1.3386,0.739704,0.173233,0.0463336,0.0315069,0.0139001,0.00185335,0.00926673,0.0748673
729,-0.738411,-0.367144,1.33721,0.739519,0.172307,0.0900203,0.0593316,0.0286428,0.00409183,0.0204592,0.107764
730,-0.747413,-0.373077,1.33434,0.739109,0.170261,0.0457507,0.0289443,0.0140053,0.000933688,0.00933688,0.0736342
731,-0.751989,-0.375972,1.33294,0.739016,0.169327,0.0179756,0.0123166,0.00499321,0.000665762,0.00332881,0.0450593
732,-0.753786,-0.377203,1.33244,0.738949,0.168994,0.0555746,0.0393653,0.0185249,0.00231561,0.011578,0.0809389
733,-0.759344,-0.38114,1.33059,0.738718,0.167836,0.0367383,0.0229614,0.0107153,0.000765381,0.00765381,0.0662843
734,-0.763017,-0.383436,1.32952,0.738641,0.167071,0.0303813,0.0211963,0.00777197,0.000706543,0.00706543,0.0646848
735,-0.766056,-0.385556,1.32874,0.738571,0.166364,0.00317322,0.00218843,0.000656528,0.000109421,0.000547106,0.0186464
736,-0.766373,-0.385774,1.32867,0.73856,0.16631,0.00768596,0.00593302,0.00202262,0.000539365,0.00134841,0.0288206
737,-0.767141,-0.386368,1.32847,0.738506,0.166175,0.00970774,0.00701115,0.00233705,0.000719092,0.00179773,0.0330268
738,-0.768112,-0.387069,1.32824,0.738434,0.165995,0.0208592,0.0143151,0.00572606,0.00122701,0.00409004,0.0486958
739,-0.770198,-0.3885,1.32767,0.738311,0.165586,0.0161104,0.0107403,0.00480485,0.000847916,0.00282639,0.0401702
740,-0.771809,-0.389574,1.32719,0.738226,0.165304,0.0203223,0.0151421,0.00597713,0.00119543,0.00398476,0.0480052
741,-0.773841,-0.391089,1.32659,0.738107,0.164905,0.0258271,0.0162615,0.00813075,0.000956559,0.00478279,0.0513361
742,-0.776424,-0.392715,1.32577,0.738011,0.164427,0.0233411,0.0169338,0.00686504,0.00183068,0.00457669,0.0508793
743,-0.778758,-0.394408,1.32509,0.737828,0.163969,0.00991461,0.00775926,0.00215535,0.00043107,0.00215535,0.0361629
744,-0.77975,-0.395184,1.32487,0.737785,0.163754,0.0546384,0.0353542,0.0182128,0.0053567,0.0107134,0.0747293
745,-0.785214,-0.398719,1.32305,0.737249,0.162682,0.0723562,0.0512523,0.028641,0.00301484,0.0150742,0.0877992
746,-0.792449,-0.403845,1.32019,0.736948,0.161175,0.0337551,0.020253,0.0108016,0.0013502,0.00675101,0.0599652
747,-0.795825,-0.40587,1.31911,0.736813,0.1605,0.0313594,0.0213244,0.010035,0.00250875,0.00627187,0.0580255
748,-0.798961,-0.408002,1.3181,0.736562,0.159873,0.0127329,0.00857024,0.00367296,0.000489728,0.00244864,0.0369699
749,-0.800234,-0.408859,1.31774,0.736513,0.159628,0.0105053,0.00686885,0.00282835,0.00040405,0.00202025,0.0336785
750,-0.801284,-0.409546,1.31745,0.736473,0.159426,0.0374174,0.0254757,0.0127378,0.00159223,0.00796114,0.0651139
751,-0.805026,-0.412094,1.31618,0.736313,0.15863,0.0337936,0.021825,0.0112645,0.00140807,0.00704034,0.0610556
752,-0.808406,-0.414276,1.31505,0.736173,0.157925,0.0120112,0.00756258,0.00333643,0.000889715,0.00222429,0.0347787
753,-0.809607,-0.415033,1.31472,0.736084,0.157703,0.00581528,0.00458512,0.00167748,0.000111832,0.00111832,0.0254208
754,-0.810188,-0.415491,1.31455,0.736072,0.157591,0.00313396,0.00239321,0.000797735,0.000113962,0.000569811,0.018277
755,-0.810502,-0.41573,1.31447,0.736061,0.157534,0.01887,0.0119381,0.00577652,0.000385101,0.00385101,0.0456135
756,-0.812389,-0.416924,1.31389,0.736023,0.157149,0.00810319,0.00518604,0.00194477,0.000324128,0.00162064,0.0301821
757,-0.813199,-0.417443,1.3137,0.73599,0.156987,0.00406945,0.00258965,0.00096187,0.00014798,0.0007399,0.0204662
758,-0.813606,-0.417702,1.3136,0.735975,0.156913,0.0180683,0.011431,0.00553112,0.000368741,0.00368741,0.0445626
759,-0.815413,-0.418845,1.31305,0.735938,0.156544,0.0256309,0.0174756,0.00757277,0.00116504,0.00582521,0.0562829
760,-0.817976,-0.420592,1.31229,0.735822,0.155962,0.0117565,0.00783765,0.00345779,0.000461038,0.00230519,0.0354023
761,-0.819151,-0.421376,1.31195,0.735776,0.155731,-0.0149264,-0.00781861,-0.0142156,-0.00592319,-0.00236927,0.952881
762,-0.817659,-0.420594,1.31337,0.736368,0.155968,-0.0768267,-0.0357641,-0.0675545,-0.0251674,-0.013246,0.904913
763,-0.809976,-0.417018,1.32012,0.738885,0.157293,-0.0760787,-0.0321459,-0.0632204,-0.0225022,-0.0107153,0.917688
764,-0.802368,-0.413803,1.32645,0.741135,0.158364,-0.0498288,-0.0229371,-0.0442922,-0.0142368,-0.00790933,0.929368
765,-0.797385,-0.41151,1.33088,0.742559,0.159155,-0.0233622,-0.0107825,-0.0208462,-0.0079072,-0.00359418,0.951106
766,-0.795049,-0.410431,1.33296,0.743349,0.159515,-0.0206035,-0.00813297,-0.0178925,-0.00569308,-0.00271099,0.957136
767,-0.792989,-0.409618,1.33475,0.743919,0.159786,-0.0501977,-0.0256111,-0.0461,-0.0174155,-0.0102444,0.922762
768,-0.787969,-0.407057,1.33936,0.74566,0.16081,-0.0308009,-0.012236,-0.0265816,-0.00759475,-0.0042193,0.949241
769,-0.784889,-0.405833,1.34202,0.74642,0.161232,-0.0279128,-0.0104152,-0.0241633,-0.00749896,-0.00416609,0.949641
770,-0.782098,-0.404792,1.34443,0.74717,0.161649,-0.0236559,-0.011828,-0.0200418,-0.00821387,-0.00328555,0.956418
771,-0.779732,-0.403609,1.34644,0.747991,0.161977,-0.123573,-0.0608362,-0.0969577,-0.0380226,-0.0190113,0.907705
772,-0.767375,-0.397525,1.35613,0.751793,0.163878,-0.039994,-0.0168725,-0.03312,-0.0118732,-0.00624907,0.941806
773,-0.763375,-0.395838,1.35945,0.752981,0.164503,-0.038849,-0.0171392,-0.031422,-0.0119975,-0.00571308,0.94509
774,-0.75949,-0.394124,1.36259,0.75418,0.165075,-0.0177118,-0.00776832,-0.0155366,-0.00621466,-0.00310733,0.958021
775,-0.757719,-0.393347,1.36414,0.754802,0.165385,-0.0108928,-0.00525859,-0.00957814,-0.00450736,-0.00187807,0.967286
776,-0.75663,-0.392822,1.3651,0.755253,0.165573,-0.0255423,-0.0127711,-0.0211522,-0.00917926,-0.00399098,0.954067
777,-0.754076,-0.391544,1.36721,0.756171,0.165972,-0.0294129,-0.0135752,-0.0248879,-0.00814512,-0.00452507,0.951251
778,-0.751134,-0.390187,1.3697,0.756985,0.166425,-0.00806179,-0.00397855,-0.0070148,-0.00230337,-0.00104699,0.976063
779,-0.750328,-0.389789,1.37041,0.757215,0.16653,-0.00159268,-0.000537787,-0.0014272,-0.000475735,-0.000206841,0.988629
780,-0.750169,-0.389735,1.37055,0.757263,0.16655,-0.0373936,-0.013711,-0.0311613,-0.0093484,-0.00623226,0.942417
781,-0.74643,-0.388364,1.37366,0.758198,0.167173,-0.0153818,-0.00713357,-0.0127067,-0.00512725,-0.00222924,0.965547
782,-0.744891,-0.387651,1.37493,0.758711,0.167396,-0.0176244,-0.00881219,-0.0154213,-0.00629442,-0.00314721,0.958971
783,-0.743129,-0.38677,1.37648,0.75934,0.167711,-0.0039969,-0.00145342,-0.00347783,-0.00103816,-0.000519078,0.982648
784,-0.742729,-0.386624,1.37682,0.759444,0.167763,-0.0604258,-0.0258968,-0.0469979,-0.0172645,-0.0095914,0.931951
785,-0.736687,-0.384035,1.38152,0.76117,0.168722,-0.0125623,-0.00618742,-0.0106874,-0.00393745,-0.00187498,0.968643
786,-0.73543,-0.383416,1.38259,0.761564,0.16891,-0.0171367,-0.00761633,-0.0142806,-0.00428419,-0.0023801,0.964918
787,-0.733717,-0.382654,1.38402,0.761992,0.169148,-0.0588923,-0.0265965,-0.0455941,-0.0170978,-0.00949876,0.932728
788,-0.727828,-0.379995,1.38858,0.763702,0.170098,-0.0399867,-0.0196656,-0.0321205,-0.0117994,-0.0065552,0.943474
789,-0.723829,-0.378028,1.39179,0.764882,0.170753,-0.00513336,-0.00224585,-0.00449169,-0.00168439,-0.000802088,0.978957
790,-0.723316,-0.377803,1.39224,0.765051,0.170833,-0.0242684,-0.0101118,-0.0195496,-0.00539298,-0.00337061,0.958839
791,-0.720889,-0.376792,1.3942,0.76559,0.17117,-0.00777114,-0.00294043,-0.00640594,-0.00199529,-0.00105015,0.976165
792,-0.720112,-0.376498,1.39484,0.765789,0.171275,-0.012922,-0.00621566,-0.0104685,-0.0032714,-0.0016357,0.971492
793,-0.718819,-0.375877,1.39588,0.766117,0.171439,-0.00390389,-0.00170795,-0.0034159,-0.00134196,-0.000609983,0.981634
794,-0.718429,-0.375706,1.39623,0.766251,0.1715,-0.0347391,-0.0154396,-0.0281221,-0.0082712,-0.00551414,0.947879
795,-0.714955,-0.374162,1.39904,0.767078,0.172051,-0.00633547,-0.00270036,-0.00581617,-0.00145404,-0.0010386,0.976191
796,-0.714322,-0.373892,1.39962,0.767223,0.172155,-0.00651506,-0.00253833,-0.00516128,-0.00194606,-0.000846111,0.978768
797,-0.71367,-0.373638,1.40014,0.767418,0.17224,-0.0033701,-0.00181878,-0.00299565,-0.00128385,-0.000534937,0.983128
798,-0.713333,-0.373456,1.40044,0.767546,0.172293,-0.0100179,-0.00485242,-0.00860914,-0.00281754,-0.0015653,0.971533
799,-0.712331,-0.372971,1.4013,0.767828,0.17245,-0.0316374,-0.0158187,-0.0253099,-0.00949122,-0.0052729,0.949311
800,-0.709168,-0.371389,1.40383,0.768777,0.172977,-0.0161064,-0.00723623,-0.012605,-0.00490196,-0.00233427,0.96573
801,-0.707557,-0.370665,1.40509,0.769267,0.173211,0.0796817
